"序号","项目编号","货号","检测服务产品名称/检测内容","签收要求","审核要求","流转要求","流转数量","备注"
"1","RSPM2025034","LK292","OncoCompass® Plus血浆版","/","全血：
2ml＜M＜6ml，警戒
M≤2ml，不合格","路径b[填充颜色:00B0F0]","/","/"
"2","RSPM2025033","LK291","OncoScreen® Plus组织版","/","一、切片：
N＞10张，合格需反馈
穿刺切片：
5张＜N＜8张，警戒
N≤5张，不合格
手术切片：
N≤2张，不合格
二、温控要求：0℃~30℃","路径a[填充颜色:00B0F0]","≤10张","/"
"3","RSPM2025008","LK101","燃石朗克®组织版","/","切片：
N＞15张，合格需反馈
穿刺切片：
5张＜N＜8张，警戒
N≤5张，不合格
手术切片：
N≤2张，不合格","暂存等通知","≤15张","/"
"4","RSPM2025008","LK165","燃石朗克®血浆版","/","全血：
2ml＜M＜6ml，警戒
M≤2ml，不合格","路径b[填充颜色:00B0F0]","/","/"
"5","RSPM2025001","LK294","OncoScreen® Plus CDx组织版","1、由实验室贴M码
2、申请单研究编号为D7080C00001","一、切片：
N＞15张，合格需反馈
N＜10张，不合格
二、样本/申请单受试者筛选号（E-code）/研究编号不一致，反馈并暂停","路径a[填充颜色:00B0F0]","≤15张","/"
"6","RSPM2025001","LK292","OncoCompass® Plus血浆版","/","/","暂存等通知","/","/"
"7","RSPM2025018","LK291","OncoScreen® Plus组织版","/","切片：
N＞10张，合格需反馈
穿刺切片：
N＜8张，不合格
手术切片：
N＜2张，不合格","检测目的&报告出具：
1、是，生成报告：路径a
2、否，不生成报告：暂存等通知","≤10张","/"
"8","RSPM2025018","LK292","OncoCompass® Plus血浆版","/","全血：
2ml＜M＜6ml，警戒
M≤2ml，不合格","路径b[填充颜色:00B0F0]","/","/"
"9","RSPM2025018","LK361","PD-L1(22c3)","","","暂存等通知","/","/"
"10","RSPM2025021","LK291","OncoScreen® Plus组织版","/","切片（N含HE片）：
N＜1张，不合格","暂存等通知","全部流转","/"
"11","RSPM2025017","LK101","燃石朗克®组织版","/","切片（N含HE片）：
N＞10张，合格需反馈
穿刺切片：
5张＜N＜8张，警戒
N≤5张，不合格
手术切片：
N≤2张，不合格","1、到位即检：路径a
2、批量送检：暂存等通知","≤10张","/"
"12","RSPM2025017","LK167","燃石朗清®血浆版","/","全血：
2ml＜M＜6ml，警戒
M≤2ml，不合格","1、到位即检：路径a
2、批量送检：暂存等通知","/","/"
"13","RSPM2025010","LK291","OncoScreen® Plus组织版","1、由实验室贴M码
2、LK291与LK340共用样本，贴2个M码","一、切片（N含HE片）：
N含空白玻片或HE片，反馈并暂停
N＞10张，合格需反馈
穿刺切片：
5张＜N＜8张，警戒
N≤5张，不合格
手术切片：
N≤2张，不合格
二、组织样本共用要求：LK291与LK340共用样本，其中一单暂停，另一单同时暂停","暂存等通知","≤10张","/"
"14","RSPM2025010","LK340","捕获转录组测序(Capture-WTS)","1、由实验室贴M码
2、LK291与LK340共用样本，贴2个M码","一、切片（N含HE片）：
N含空白玻片或HE片，反馈并暂停
N＞10张，合格需反馈
穿刺切片：
5张＜N＜8张，警戒
N≤5张，不合格
手术切片：
N≤2张，不合格
二、组织样本共用要求：LK291与LK340共用样本，其中一单暂停，另一单同时暂停","暂存等通知","≤10张","/"
"15","RSPM2025010","LK292","OncoCompass® Plus血浆版","由实验室贴M码","一、全血：
2ml＜M＜6ml，警戒
M≤2ml，不合格
二、温控要求：15℃~25℃","路径b[填充颜色:00B0F0]","/","/"
"16","RSPM2025007","LK528","OncoScreen® WES遗传版","/","全血：
M＜0.2ml，不合格","路径b[填充颜色:00B0F0]","/","/"
"17","RSPM2025012","LK291","OncoScreen® Plus组织版","1、由实验室贴M码
2、LK291与LK340共用样本，贴2个M码","一、切片（N含HE片）：
N含空白玻片或HE片，反馈并暂停
N＞10张，合格需反馈
活检穿刺/其他切片：
5张≤N＜8张，警戒
N＜5张，不合格
手术切片：
N≤2张，不合格
二、组织样本共用要求：LK291与LK340共用样本，其中一单暂停，另一单同时暂停","暂存等通知","≤10张","/"
"18","RSPM2025012","LK340","捕获转录组测序(Capture-WTS)","1、由实验室贴M码
2、LK291与LK340共用样本，贴2个M码","一、切片（N含HE片）：
N含空白玻片或HE片，反馈并暂停
N＞10张，合格需反馈
活检穿刺/其他切片：
5张≤N＜8张，警戒
N＜5张，不合格
手术切片：
N≤2张，不合格
二、组织样本共用要求：LK291与LK340共用样本，其中一单暂停，另一单同时暂停","暂存等通知","≤10张","/"
"19","RSPM2025012","LK292","OncoCompass® Plus血浆版","由实验室贴M码","一、全血：
2ml＜M＜6ml，警戒
M≤2ml，不合格
二、温控要求：15℃~25℃","路径b[填充颜色:00B0F0]","/","/"
"20","RSPM2024072","LK291","OncoScreen® Plus组织版","/","一、切片：
N＞10张，合格需反馈
穿刺切片：
5张＜N＜8张，警戒
N≤5张，不合格
手术切片：
N≤2张，不合格
二、温控要求：15℃~25℃","暂存等通知","≤10张","/"
"21","RSPM2024072","LK292","OncoCompass® Plus血浆版","/","温控要求：15℃~25℃","路径b[填充颜色:00B0F0]","/","/"
"22","RSPM2024066","LK291","OncoScreen® Plus组织版","由实验室贴M码","切片：
N＞10张，合格需反馈
穿刺切片：
5张＜N＜8张，警戒
N≤5张，不合格
手术切片：
N≤2张，不合格","路径a（申办方要求的暂存情况除外）[填充颜色:00B0F0]","≤10张","/"
"23","RSPM2025019","LK101","燃石朗克®组织版","/","切片：
穿刺切片：
N＜6张，不合格
手术切片：
N＜4张，不合格","路径a[填充颜色:00B0F0]","1、穿刺切片：6张
2、手术切片：4张","/"
"24","RSPM2024059","LK291","OncoScreen® Plus组织版","/","切片：
N＞10张，合格需反馈
穿刺切片：
5张＜N＜8张，警戒
N≤5张，不合格
手术切片：
N≤2张，不合格","暂存等通知","≤10张","/"
"25","RSPM2024059","LK041","MAP-BR定制版","/","/","暂存等通知","/","/"
"26","RSPM2024059","LK292","OncoCompass® Plus血浆版","/","/","暂存等通知","/","/"
"27","RSPM2025011","LK291","OncoScreen® Plus组织版","1、由实验室贴M码
2、LK291与LK340共用样本，贴2个M码","一、切片（N含HE片）：
N含空白玻片或HE片，反馈并暂停
N＞10张，合格需反馈
穿刺、活检、内窥镜、其他、未知切片：
5张≤N＜8张，警戒
N＜5张，不合格
手术切片：
N≤2张，不合格
二、组织样本共用要求：LK291与LK340共用样本，其中一单暂停，另一单同时暂停","暂存等通知","≤10张","/"
"28","RSPM2025011","LK340","捕获转录组测序(Capture-WTS)","1、由实验室贴M码
2、LK291与LK340共用样本，贴2个M码","一、切片（N含HE片）：
N含空白玻片或HE片，反馈并暂停
N＞10张，合格需反馈
穿刺、活检、内窥镜、其他、未知切片：
5张≤N＜8张，警戒
N＜5张，不合格
手术切片：
N≤2张，不合格
二、组织样本共用要求：LK291与LK340共用样本，其中一单暂停，另一单同时暂停","暂存等通知","≤10张","/"
"29","RSPM2025011","LK292","OncoCompass® Plus血浆版","由实验室贴M码","一、全血：
2ml＜M＜6ml，警戒
M≤2ml，不合格
二、温控要求：15℃~25℃","路径b[填充颜色:00B0F0]","/","/"
"30","RSPM2025005","LK291","OncoScreen® Plus组织版","/","一、切片：
N＞10张，合格需反馈
穿刺切片：
5张＜N＜8张，警戒
N≤5张，不合格
手术切片：
N≤2张，不合格
二、组织样本共用要求：LK291和LK361共用1张HE片，使用LK291的白片制备HE","暂存等通知","≤10张","/"
"31","RSPM2025005","LK361","PD-L1(22c3)","/","一、切片：
N＞3张，合格需反馈
N＜2张，不合格
二、组织样本共用要求：LK291和LK361共用1张HE片，使用LK291的白片制备HE","暂存等通知","≤3张","/"
"32","RSPM2025005","LK292","OncoCompass® Plus血浆版","/","全血：
2ml＜M＜6ml，警戒
M≤2ml，不合格","路径b[填充颜色:00B0F0]","/","/"
"33","RSPM2025009","LK291","OncoScreen® Plus组织版","1、由实验室贴M码
2、LK291与LK340共用样本，贴2个M码","一、切片（N含HE片）：
N含空白玻片或HE片，反馈并暂停
N＞10张，合格需反馈
穿刺切片：
5张＜N＜8张，警戒
N≤5张，不合格
手术切片：
N≤2张，不合格
二、组织样本共用要求：LK291与LK340共用样本，其中一单暂停，另一单同时暂停","暂存等通知","≤10张","/"
"34","RSPM2025009","LK340","捕获转录组测序(Capture-WTS)","1、由实验室贴M码
2、LK291与LK340共用样本，贴2个M码","一、切片（N含HE片）：
N含空白玻片或HE片，反馈并暂停
N＞10张，合格需反馈
穿刺切片：
5张＜N＜8张，警戒
N≤5张，不合格
手术切片：
N≤2张，不合格
二、组织样本共用要求：LK291与LK340共用样本，其中一单暂停，另一单同时暂停","暂存等通知","≤10张","/"
"35","RSPM2025009","LK292","OncoCompass® Plus血浆版","由实验室贴M码","一、全血：
2ml＜M＜6ml，警戒
M≤2ml，不合格
二、温控要求：15℃~25℃","路径b[填充颜色:00B0F0]","/","/"
"36","RSPM2025006","LK101","燃石朗克®组织版","/","一、切片：
筛选期：N＞10张，不合格
疾病进展期：N＞15张，不合格
穿刺切片：
5张＜N＜8张，警戒
N≤5张，不合格
手术切片：
N≤2张，不合格
二、温控要求：10℃~30℃","暂存等通知","1、筛选期：≤10张
2、疾病进展期：≤15张","/"
"37","RSPM2025006","LK165","燃石朗克®血浆版","/","一、全血：
2ml＜M＜6ml，警戒
M≤2ml，不合格
二、温控要求：10~30℃","路径b[填充颜色:00B0F0]","/","/"
"38","RSPM2024061","LK101","燃石朗克®组织版","/","切片：
N＞20张，不合格需反馈
穿刺切片：
5张＜N＜8张，警戒
N≤5张，不合格
手术切片：
N≤2张，不合格","筛选期：路径a","≤20张","/"
"39","RSPM2024061","LK165","燃石朗克®血浆版","筛选期送检两管血，未贴条码的一管贴临时标签","全血：
2ml＜M＜6ml，警戒
M≤2ml，不合格","1、筛选期（C1D1给药前），外部贴码：路径a
2、其余访视节点，非外部贴码：暂存等通知[部分文字颜色:FF0000]","/","/"
"40","RSPM2025020","LK291","OncoScreen® Plus组织版","/","一、切片：
N＞10张，合格需反馈
穿刺切片：
5张＜N＜8张，警戒
N≤5张，不合格
手术切片：
N≤2张，不合格
二、温控要求：10℃~30℃","暂存等通知","≤10张","/"
"41","RSPM2025020","LK292","OncoCompass® Plus血浆版","/","一、全血：
2ml＜M＜6ml，警戒
M≤2ml，不合格
二、温控要求：10~30℃","路径b[填充颜色:00B0F0]","/","/"
"42","RSPM2024001","LK380","TruSight Oncology 500 DNA","/","切片：
N＞10张，合格需反馈
穿刺切片：
5张＜N＜8张，警戒
N＜5张，不合格
手术切片：
N＜5张，不合格","暂存等通知","≤10张","/"
"43","RSPM2024001","LK042","#N/A","/","一、切片：
N≠3张，不合格
二、毛囊：
系统样本类型录入为新鲜组织
N≠1管，不合格","暂存等通知","1、切片：3张
2、毛囊：1管","/"
"44","RSPM2024001","LK292","OncoCompass® Plus血浆版","/","游离DNA采血管全血：
M＜6ml，不合格
N＞1管，不合格","暂存等通知","/","/"
"45","RSPM2024001","LK296","OncoScreen® Plus CDx组织版","/","EDTA全血：
M＜6ml，不合格
N≠2管，不合格","无需分离，直接存放于-65~-90℃暂存等通知","2管","/"
"46","RSPM2025032","LK340","捕获转录组测序(Capture-WTS)","/","一、全血：
M＜2.5ml，不合格
二、温控要求：干冰","暂存等通知","/","/"
"47","RSPM2024076","LK525","OncoScreen® WES定制版","/","一、切片：
N＜1张，不合格
二、冰冻组织","暂存等通知","/","/"
"48","RSPM2024074","LK291","OncoScreen® Plus组织版","/","一、切片（N含HE片）：
N＜1张，不合格
二、组织样本共用要求：LK291与LK091共用样本
三、白细胞：
M＜0.2ml，不合格","暂存等通知","/","/"
"49","RSPM2024074","LK091","RNA提取","/","一、切片（N含HE片）：
N＜1张，不合格
二、组织样本共用要求：LK291与LK091共用样本","暂存等通知","/","/"
"50","RSPM2024074","LK292","OncoCompass® Plus血浆版","/","白细胞：
M＜0.2ml，不合格","暂存等通知","/","/"
"51","RSPM2024074","LK524","OncoScreen® WES定制版","/","白细胞：
M＜0.2ml，不合格","暂存等通知","/","/"
"52","RSPM2024074","LK167","燃石朗清®血浆版","/","/","暂存等通知","/","/"
"53","RSPM2024073","LK291","OncoScreen® Plus组织版","/","切片：
穿刺切片：
N≥10张，合格需反馈
5张＜N≤7张，警戒
N≤5张，不合格
手术切片：
N≥4张，合格需反馈
2张＜N＜4张，警戒
N≤2张，不合格","暂存等通知","1、穿刺切片：
N≥10张：8张
7＜N＜10张：6张
5张＜N≤7张：全部流转
2、手术切片：
N≥4张：2张
2张＜N＜4张：全部流转","/"
"54","RSPM2024073","LK292","OncoCompass® Plus血浆版","/","全血：
2ml＜M＜6ml，警戒
M≤2ml，不合格","1、康为管全血：路径b
2、EDTA全血：--15℃~-25℃暂存等通知","/","/"
"55","RSPM2024077","LK524","OncoScreen® WES定制版","/","一、切片（N含HE片）：
N＜2张，不合格
二、组织样本共用要求：LK524与LK091共用样本
三、白细胞：
M＜0.2ml，不合格","暂存等通知","/","/"
"56","RSPM2024077","LK091","RNA提取","/","一、切片（N含HE片）：
N＜2张，不合格
二、组织样本共用要求：LK524与LK091共用样本","暂存等通知","/","/"
"57","RSPM2024077","LK167","燃石朗清®血浆版","/","/","暂存等通知","/","/"
"58","RSPM2024050","LK309","OncoScreen® Plus组织版","/","一、切片：
N＞15张，合格需反馈
穿刺切片：
5张＜N＜10张，警戒
N≤5张，不合格
手术切片：
2张＜N＜6张，警戒
N≤2张，不合格
二、暂存要求：2℃~8℃","路径a[填充颜色:00B0F0]","1、穿刺切片：10张
2、手术切片：6张","/"
"59","RSPM2025027","LK030","KRAS","/","切片：
N＞8张，合格需反馈
5张≤N≤8张，警戒
N＜5张，不合格","暂存等通知","8张","/"
"60","RSPM2025004","LK291","OncoScreen® Plus组织版","/","一、切片：
N＞10张，合格需反馈
穿刺切片：
5张＜N＜8张，警戒
N≤5张，不合格
手术切片：
N≤2张，不合格
二、温控要求：0℃~30℃","路径a[填充颜色:00B0F0]","≤10张","/"
"61","RSPM2025004","LK292","OncoCompass® Plus血浆版","/","一、全血：
N＞1管，不合格（分别贴标，按单管分离）
2ml＜M＜6ml，警戒
M≤2ml，不合格
二、温控要求：15℃~25℃","路径a[填充颜色:00B0F0]","/","/"
"62","RSPM2024070","LK101","燃石朗克®组织版","/","切片：
N＞10张，不合格
穿刺切片：
5张＜N＜8张，警戒
N≤5张，不合格
手术切片：
N≤2张，不合格","路径a[填充颜色:00B0F0]","≤10张","/"
"63","RSPM2024070","LK170","燃石朗清®组织版","/","切片：
N＞10张，不合格
穿刺切片：
5张＜N＜8张，警戒
N≤5张，不合格
手术切片：
N≤2张，不合格","暂存等通知","≤10张","/"
"64","RSPM2024070","LK167","燃石朗清®血浆版","/","一、全血：
M＜6ml，不合格
二、温控要求：15℃~25℃","路径b[填充颜色:00B0F0]","/","/"
"65","RSPM2024022","LK290","OncoScreen® Plus遗传版","/","全血：
M＜0.2ml，不合格","路径a[填充颜色:00B0F0]","/","/"
"66","RSPM2024035","LK292","OncoCompass® Plus血浆版","/","全血：
2ml＜M＜6ml，警戒
M≤2ml，不合格","1、全血：路径b
2、血浆、外送DNA：暂存等通知","/","/"
"67","RSPM2024062","LK292","OncoCompass® Plus血浆版","/","全血：
2ml＜M＜6ml，警戒
M≤2ml，不合格","路径b[填充颜色:00B0F0]","/","/"
"68","RSPM2024069","LK308","OncoScreen® Plus组织升级版","/","一、切片
穿刺切片：
N≥8张，合格需反馈
5张＜N＜8张，警戒
N≤5张，不合格
手术切片：
N≥3张，合格需反馈
N＜3张，不合格
二、蜡块：
N≠1块，或肉眼未见样本，不合格","暂存等通知","/","/"
"69","RSPM2025026","LK306","OncoCompass® Plus血浆版UMI","1、由实验室贴M码
2、申请单研究编号为D8930C00001","全血：
M＜6ml，不合格
采血管上无受试者筛选号或样本标记编号，不合格","路径b[填充颜色:00B0F0]","/","/"
"70","RSPM2024052","LK308","OncoScreen® Plus组织升级版","/","切片（N含HE片）：
N＜1张，不合格","暂存等通知","/","/"
"71","RSPM2024052","LK091","RNA提取","/","切片（N含HE片）：
N＜1张，不合格","暂存等通知","/","/"
"72","RSPM2024052","LK292","OncoCompass® Plus血浆版","/","/","暂存等通知","/","/"
"73","RSPM2024065","LK190","燃石朗清® Pro CDx血浆版","/","一、全血：
M＜5ml，不合格
二、如有以下情况，反馈并暂停：
（1）全血温控要求：6℃~30℃；血浆温控要求：-20℃以下
（2）样本寄送未加温控，需反馈
（3）接收及运输的温度范围外，需反馈。","路径a[填充颜色:00B0F0]","/","/"
"74","RSPM2024065","LK194","燃石朗清® Pro血浆版UMI","/","一、全血：
M＜5ml，不合格
二、申请单“是否生成报告”勾选为是，但系统默认录入为否，无需反馈
三、如有以下情况，反馈并暂停：
（1）全血温控要求：6℃~30℃；血浆温控要求：-20℃以下
（2）样本寄送未加温控，需反馈
（3）接收及运输的温度范围外，需反馈。","暂存等通知","/","/"
"75","RSPM2024053","LK291","OncoScreen® Plus组织版","/","一、切片（N含HE片）：
N＞12张，合格需反馈
穿刺、内窥镜等非手术切除获取切片：
5张＜N＜8张，警戒
N≤5张，不合格
手术切片：
N≤2张，不合格
二、如有温控，温控要求：15℃-25℃","1、燃石申请单：暂存等通知；
2、艾德申请单：路径a","≤12张","/"
"76","RSPM2024053","LK527","OncoScreen® WES","/","一、切片（N含HE片）：
N＞12张，合格需反馈
穿刺、内窥镜等非手术切除获取切片：
5张＜N＜8张，警戒
N≤5张，不合格
手术切片：
N≤2张，不合格
二、如有温控，温控要求：15℃-25℃","暂存等通知","≤12张","/"
"77","RSPM2024053","LK292","OncoCompass® Plus血浆版","/","一、全血：
2ml＜M＜6ml，警戒
M≤2ml，不合格
二、白细胞：
M＜0.2ml，不合格
三、如有温控，
全血温控要求：15℃-25℃
血浆/白细胞温控要求：-20℃以下","1、全血：路径b
2、外送血浆&白细胞：暂存等通知","/","/"
"78","RSPM2024046","LK524","OncoScreen® WES定制版","/","切片（N含HE片）：
N＜1张，不合格","暂存等通知","/","/"
"79","RSPM2024046","LK091","RNA提取","/","切片（N含HE片）：
N＜1张，不合格","暂存等通知","/","/"
"80","RSPM2024046","LK292","OncoCompass® Plus血浆版","/","白细胞：
M＜0.2ml，不合格","暂存等通知","/","/"
"81","RSPM2024057","LK262","燃石朗克® CDx组织版","/","切片（N含HE片）：
N＞10张，合格需反馈
穿刺切片：
N＜5张，不合格
手术切片：
N＜2张，不合格","路径a[填充颜色:00B0F0]","≤10张","/"
"82","RSPM2023063","LK533","燃卫宁® RNA","/","一、切片：
N＞10张，合格需反馈
穿刺切片：
5张＜N＜8张，警戒
N≤5张，不合格
手术切片：
N≤2张，不合格
二、骨髓：
M＜3ml，不合格
三、温控要求：
切片：5℃~25℃
骨髓：2℃~8℃","1、切片：暂存等通知
2、骨髓：提取后暂存等通知","≤10张","/"
"83","RSPM2023063","LK531","燃卫宁® DNA","/","一、切片：
N＞10张，合格需反馈
穿刺切片：
5张＜N＜8张，警戒
N≤5张，不合格
手术切片：
N≤2张，不合格
二、骨髓：
M＜3ml，不合格
三、温控要求：
切片：5℃~25℃
骨髓：2℃~8℃","1、切片：暂存等通知
2、骨髓：提取后暂存等通知","≤10张","/"
"84","RSPM2023063","LK292","OncoCompass® Plus血浆版","/","一、全血：
2ml＜M＜6ml，警戒
M≤2ml，不合格
二、温控要求：5℃~25℃","暂存等通知","/","/"
"85","RSPM2023063","LK534","燃卫宁® DNA","/","一、全血：
2ml＜M＜6ml，警戒
M≤2ml，不合格
二、温控要求：5℃~25℃","暂存等通知","/","/"
"86","RSPM2023063","LK532","燃卫宁® DNA配对","/","一、口腔拭子：
容器破损、密封不良、肉眼未见样本（拭子头）、容器内无保护液，不合格
二、温控要求：2℃~8℃","-15℃~-25℃暂存等通知","/","/"
"87","RSPM2024030","LK513","myChoice HRD Plus","/","一、切片：
N＞10张，合格需反馈
穿刺切片：
5张＜N＜8张，警戒
N≤5张，不合格
手术切片：
N≤2张，不合格
二、组织样本要求：LK513和LK294不共用样本","暂存等通知","≤10张","/"
"88","RSPM2024030","LK294","OncoScreen® Plus CDx组织版","/","一、切片：
N＞10张，合格需反馈
穿刺切片：
5张＜N＜8张，警戒
N≤5张，不合格
手术切片：
N≤2张，不合格
二、组织样本要求：LK513和LK294不共用样本","暂存等通知","≤10张","/"
"89","RSPM2024030","LK167","燃石朗清®血浆版","/","/","暂存等通知","/","/"
"90","RSPM2024030","LK292","OncoCompass® Plus血浆版","/","白细胞：
N＞1管，合格需反馈","暂存等通知","1管","/"
"91","RSPM2024030","LK195","燃石朗清®血浆升级版UMI","/","白细胞：
N＞1管，合格需反馈","暂存等通知","1管","/"
"92","RSPM2024030","LK306","OncoCompass® Plus血浆版UMI","/","白细胞：
N＞1管，合格需反馈","暂存等通知","1管","/"
"93","RSPM2024056","LK030","KRAS","/","切片：
N＞8张，合格需反馈
N＜5张，不合格","1、N=8张：暂存等通知
2、5张≤N≤7张：路径b","≤8张","/"
"94","RSPS2023006","LK305","OncoScreen® ParpMatch Pro CDx组织版","1、由实验室贴M码
2、查询微文档是否有指定M码","一、切片：
N含空白玻片或HE片，反馈并暂停
N＞15张，不合格，反馈后流转
穿刺切片：
N＜15张，不合格
手术切片：
N＜10张，不合格
二、样本上受试者筛选号（E-code）和样本标记信息（AccessionNo.）两者任一缺少，反馈并暂停
三、申请单审核如有以下情况，反馈并暂停：
（1）申请单预打印信息出现手动修改，包括样本标记信息（AccessionNo.和E-code码）、研究编号、医院联系人
（2）样本随附申请单非原件
（3）切片厚度非4、5μm
（4）取材部位为Breast，Tumortype勾选项非Primary
（5）取材部位非Breast，Tumortype勾选项非Metastatic","路径a[填充颜色:00B0F0]","1、穿刺切片：15张
2、手术切片：≤15张","/"
"95","RSPS2023006","LK291","OncoScreen® Plus组织版","1、由实验室贴M码
2、查询微文档是否有指定M码","一、EDTA全血：
M＜3ml，不合格
N>1管，异常需反馈，不流转分离
二、样本如有以下情况，反馈并暂停：
（1）样本上受试者筛选号（E-code）和样本标记信息（AccessionNo.）两者任一缺少
（2）非EDTA采血管
三、申请单审核如有以下情况，反馈并暂停：
（1）申请单预打印信息出现手动修改，包括有样本标记信息（AccessionNo.和E-code码）、研究编号、医院联系人
（2）样本随附申请单非原件
四、暂存要求：-15℃~-25℃","路径b[填充颜色:00B0F0]","/","/"
"96","RSPM2024055","LK030","KRAS","/","切片：
N＞10张，合格需反馈
穿刺切片：
5张＜N＜8张，警戒
N≤5张，不合格
手术切片：
N≤2张，不合格","暂存等通知","≤10张","/"
"97","RSPM2024048","LK309","OncoScreen® Plus组织版","/","切片（N含HE片）：
N＞10张，合格需反馈
穿刺切片：
5张＜N＜8张，警戒
N≤5张，不合格
手术切片：
N≤2张，不合格","路径a[填充颜色:00B0F0]","≤10张","/"
"98","RSPM2024048","LK292","OncoCompass® Plus血浆版","/","全血：
2ml/管＜M＜6ml/管，警戒
M≤2ml/管，不合格","路径a[填充颜色:00B0F0]","/","/"
"99","RSPM2024040","LK521","OncoScreen® WES","/","一、切片：
N＞10张，合格需反馈
穿刺切片：
5张＜N＜8张，警戒
N≤5张，不合格
手术切片：
N≤2张，不合格
二、全血：
M＜0.2ml，不合格","1、切片：暂存等通知
2、全血：路径b","切片：≤10张","/"
"100","RSPM2024040","LK522","朗微®-MRD","/","一、全血：
N＞2管，不合格
8ml≤M＜16ml，警戒
M＜8ml，不合格
二、质控不合格/审核异常样本：
筛选期Screening：需分离血浆和白细胞
其他访视节点：仅分离血浆","路径b[填充颜色:00B0F0]","/","/"
"101","RSPS2024007","LK340","捕获转录组测序(Capture-WTS)","/","切片：
N＞5张，合格需反馈
N＜1张，不合格","1、暂存等通知
2、LK340单提或LK340与LK294双提","≤5张","/"
"102","RSPS2024007","LK294","OncoScreen® Plus CDx组织版","/","切片：
N＞5张，合格需反馈
N＜1张，不合格","1、暂存等通知
2、LK340单提或LK340与LK294双提","≤5张","/"
"103","RSPS2024007","LK292","OncoCompass® Plus血浆版","/","/","暂存等通知","/","/"
"104","RSPS2024007","LK550","OverC® Monitor-01","/","/","暂存等通知","/","/"
"105","RSPM2024049","LK291","OncoScreen® Plus组织版","/","一、切片（N含HE片）：
N＞10张，合格需反馈
穿刺、内窥镜等非手术切除获取切片：
5张＜N＜8张，警戒
N≤5张，不合格
手术切片：
N≤2张，不合格
二、组织样本共用要求：LK291与LK091共用","暂存等通知","≤10张","/"
"106","RSPM2024049","LK091","RNA提取","/","一、切片（N含HE片）：
N＞10张，合格需反馈
穿刺、内窥镜等非手术切除获取切片：
5张＜N＜8张，警戒
N≤5张，不合格
手术切片：
N≤2张，不合格
二、组织样本共用要求：LK291与LK091共用","暂存等通知","≤10张","/"
"107","RSPM2024049","LK292","OncoCompass® Plus血浆版","/","白细胞：
M＜0.2ml，不合格","暂存等通知","/","/"
"108","RSPM2024051","LK525","OncoScreen® WES定制版","/","一、切片（N含HE片）：
N＞10张，合格需反馈
穿刺、内窥镜等非手术切除获取切片：
5张＜N＜8张，警戒
N≤5张，不合格
手术切片：
N≤2张，不合格
二、组织样本共用要求：LK525与LK091共用","暂存等通知","≤10张","/"
"109","RSPM2024051","LK091","RNA提取","/","一、切片（N含HE片）：
N＞10张，合格需反馈
穿刺、内窥镜等非手术切除获取切片：
5张＜N＜8张，警戒
N≤5张，不合格
手术切片：
N≤2张，不合格
二、组织样本共用要求：LK525与LK091共用","暂存等通知","≤10张","/"
"110","RSPM2024011","LK291","OncoScreen® Plus组织版","/","一、切片：
筛选期：N＞15张，合格需反馈
探索性：N＞10张，合格需反馈
穿刺切片：
5张＜N＜8张，警戒
N≤5张，不合格
手术切片：
N≤2张，不合格
二、蜡块","暂存等通知","1、筛选期：≤15张
2、探索性：≤10张","/"
"111","RSPM2024011","LK292","OncoCompass® Plus血浆版","/","/","暂存等通知","/","/"
"112","RSPM2024041","LK167","燃石朗清®血浆版","/","白细胞：
M＜0.2ml，不合格","暂存等通知","/","/"
"113","RSPM2024047","LK170","燃石朗清®组织版","/","切片：
N＞10张，合格需反馈
穿刺切片：
5张＜N＜8张，警戒
N≤5张，不合格
手术切片：
2张＜N＜5张，警戒
N≤2张，不合格","1、预筛选期：路径a
2、其余访视节点：暂存等通知
3、申请单手写：APS-RET-103-BC-P，系统上备注单例流转：路径a","≤10张","/"
"114","RSPM2024047","LK167","燃石朗清®血浆版","/","全血：
2ml＜M＜6ml，警戒
M≤2ml，不合格","1、预筛选期：路径a
2、其余访视节点：暂存等通知
3、申请单手写：APS-RET-103-BC-P，系统上备注单例流转：路径a","/","/"
"115","RSPM2024027","LK101","燃石朗克®组织版","/","一、切片（N含HE片）：
N含空白玻片或HE片，反馈并暂停
穿刺切片：
N≥8张，无需反馈，合格全部流转
5张＜N＜8张，警戒
N≤5张，不合格
手术切片：
N≥3张，无需反馈，合格全部流转
N＜3张，不合格
二、组织样本共用要求：LK101与LK170共用样本[部分文字颜色:FF0000][部分文字颜色:FF0000]","检测LK101&LK170时：LK101路径a","全部流转","/"
"116","RSPM2024027","LK170","燃石朗清®组织版","/","一、切片（N含HE片）：
N含空白玻片或HE片，反馈并暂停
穿刺切片：
N≥8张，无需反馈，合格全部流转
5张＜N＜8张，警戒
N≤5张，不合格
手术切片：
N≥3张，无需反馈，合格全部流转
N＜3张，不合格[部分文字颜色:FF0000][部分文字颜色:FF0000]","1、检测LK101&LK170时：LK170为路径b
2、仅检测LK170：暂存等通知","全部流转","/"
"117","RSPM2024027","LK165","燃石朗克®血浆版","M＞1管且未贴条码时，1管贴1个临时标签","全血：
N＞1管，不合格（分别贴标，按单管分离）
2ml＜M＜6ml，警戒
M≤2ml，不合格","路径a[填充颜色:00B0F0]","1管","/"
"118","RSPM2024027","LK167","燃石朗清®血浆版","M＞1管且未贴条码时，1管贴1个临时标签","全血：
N＞1管，不合格（分别贴标，按单管分离）
2ml＜M＜6ml，警戒
M≤2ml，不合格","路径b[填充颜色:00B0F0]","1管","/"
"119","RSPM2024039","LK101","燃石朗克®组织版","/","切片：
N含空白玻片或HE片，反馈并暂停
N＞10张，不合格
穿刺切片：
5张＜N＜8张，警戒
N≤5张，不合格
手术切片：
N≤2张，不合格","1、筛选期：路径a
2、其余访视节点：暂存等通知","≤10张","/"
"120","RSPM2024039","LK165","燃石朗克®血浆版","/","全血：
2ml＜M＜6ml，警戒
M≤2ml，不合格","1、筛选期：路径a
2、其余访视节点：暂存等通知","/","/"
"121","RSPM2024043","LK194","燃石朗清® Pro血浆版UMI","/","全血：
M＜5ml，不合格","路径b[填充颜色:00B0F0]","/","/"
"122","RSPM2024038","LK521","OncoScreen® WES","/","一、切片：
N含空白玻片或HE片，反馈并暂停
N＞15张，合格需反馈
穿刺切片：
5张＜N＜8张，警戒
N≤5张，不合格
手术切片：
N≤2张，不合格
二、组织样本共用要求：LK521与LK340共用样本
三、全血：
M＜0.2ml，不合格
四、如LK521白细胞订单系统录入为否出报告，申请单为是，无需反馈（默认以系统为准）","路径a[填充颜色:00B0F0]","切片：≤15张","/"
"123","RSPM2024038","LK340","捕获转录组测序(Capture-WTS)","/","一、切片：
N含空白玻片或HE片，反馈并暂停
N＞15张，合格需反馈
穿刺切片：
5张＜N＜8张，警戒
N≤5张，不合格
手术切片：
N≤2张，不合格
二、组织样本共用要求：LK521与LK340共用样本，申请单默认为否出报告","路径a[填充颜色:00B0F0]","切片：≤15张","/"
"124","RSPM2024028","LK291","OncoScreen® Plus组织版","/","切片：
N含空白玻片，反馈并暂停
穿刺切片：
N＞7张，合格需反馈
5张＜N≤7张，警戒
N≤5张，不合格
手术切片：
N＞5张，合格需反馈
N=2张，警戒
N＜2张，不合格","暂存等通知","1、穿刺切片：≤7张
2、手术切片：≤5张","/"
"125","RSPM2024028","LK292","OncoCompass® Plus血浆版","/","温控要求：-70℃~-90℃","暂存等通知","/","/"
"126","RSPM2024024","LK170","燃石朗清®组织版","运送单研究编号为DZ2023C0002","一、切片：
N含空白玻片或HE片，反馈并暂停
穿刺切片：
N＞10张，合格需反馈
5张＜N＜8张，警戒
N≤5张，不合格
手术切片：
N＞5张，合格需反馈
N=2张，警戒
N＜2张，不合格
二、蜡块
三、温控要求：15℃~25℃","暂存等通知","1、穿刺切片：≤10张
2、手术切片：≤5张","/"
"127","RSPM2024024","LK167","燃石朗清®血浆版","运送单研究编号为DZ2023C0002","温控要求：-60℃~-100℃","暂存等通知","/","/"
"128","RSPM2024036","LK521","OncoScreen® WES","/","一、切片（N含HE片）：
N含空白玻片或HE片＞1张，反馈并暂停
N＜1张，不合格
二、白细胞：
M＜0.2ml，不合格","暂存等通知","全部流转","/"
"129","RSPM2024036","LK091","RNA提取","/","切片（N含HE片）：
N含空白玻片或HE片＞1张，反馈并暂停
N＜1张，不合格","暂存等通知","全部流转","/"
"130","RSPM2024031","LK170","燃石朗清®组织版","/","切片：
N＞10张，合格需反馈
穿刺切片：
5张＜N＜8张，警戒
N≤5张，不合格
手术切片：
N≤2张，不合格","暂存等通知","≤10张","/"
"131","RSPM2024031","LK167","燃石朗清®血浆版","/","全血：
2ml＜M＜6ml，警戒
M≤2ml，不合格","路径b[填充颜色:00B0F0]","/","/"
"132","RSPM2024006","LK101","燃石朗克®组织版","/","一、切片：
N含空白玻片或HE片，反馈并暂停
N＞10张，合格需反馈
穿刺切片：
5张＜N＜8张，警戒
N≤5张，不合格
手术切片：
N≤2张，不合格
二、组织样本共用要求：LK101和LK361共用1张HE片，使用LK101的1张白片制备HE片","暂存等通知","≤10张","/"
"133","RSPM2024006","LK361","PD-L1(22c3)","/","一、切片：
N含空白玻片或HE片，反馈并暂停
N＞3张，合格需反馈
N＜2，不合格
二、组织样本共用要求：LK101和LK361共用1张HE片，使用LK101的1张白片制备HE片","暂存等通知","≤3张","/"
"134","RSPM2024006","LK292","OncoCompass® Plus血浆版","/","全血：
2ml＜M＜6ml，警戒
M≤2ml，不合格","路径b[填充颜色:00B0F0]","/","/"
"135","RSPM2024037","LK291","OncoScreen® Plus组织版","/","切片（N含HE片）：
N含空白玻片或HE片＞1张，反馈并暂停
N＞10张，合格需反馈
穿刺切片：
5张＜N＜8张，警戒
N≤5张，不合格
手术切片：
N≤2张，不合格","暂存等通知","≤10张","/"
"136","RSPM2024037","LK292","OncoCompass® Plus血浆版","/","/","暂存等通知","/","/"
"137","RSPS2024006","LK307","OncoScreen® BCMatch CDx组织版","/","切片（N含HE片）：
N含空白玻片或HE片，暂停
N＞11张，合格需反馈
穿刺切片：
N≤5张，不合格
手术切片：
N≤2张，不合格","暂存等通知","≤11张","/"
"138","RSPS2023010","LK291","OncoScreen® Plus组织版","1、由实验室贴M码
2、申请单研究编号为Protocol（J3M-MC-JZQB）
3、送检2管全血，1管贴1个M码，对应申请单贴2个M码","一、切片：
N含空白玻片或HE片，暂停
N＞10张，合格需反馈
穿刺切片：
5张＜N＜8张，警戒
N≤5张，不合格
手术切片：
N≤2张，不合格
二、申请单如无项目编号一维码，反馈并暂停","路径a[填充颜色:00B0F0]","≤10张","/"
"139","RSPS2023010","LK292","OncoCompass® Plus血浆版","1、由实验室贴M码
2、申请单研究编号为Protocol（J3M-MC-JZQB）
3、送检2管全血，1管贴1个M码，对应申请单贴2个M码","一、全血：
N＞1管，不合格
2ml＜M＜6ml，警戒
M≤2ml，不合格
二、申请单如无项目编号一维码，反馈并暂停","1、已推送财务血液：路径a
2、未推财务血液：分离暂存","/","/"
"140","RSPM2024033","LK291","OncoScreen® Plus组织版","/","一、切片（N含HE片）：
N含空白玻片或HE片，暂停
N＞10张，合格需反馈
穿刺切片：
N＜8张，不合格
手术切片：
N＜5张，不合格
二、温控要求：0℃~30℃","路径a[填充颜色:00B0F0]","≤10张","/"
"141","RSPM2024033","LK292","OncoCompass® Plus血浆版","/","一、全血：
N＞1管，不合格
2ml＜M＜6ml，警戒
M≤2ml，不合格
二、温控要求：0℃~30℃","路径a[填充颜色:00B0F0]","/","/"
"142","RSPM2024029","LK524","OncoScreen® WES定制版","/","一、切片：
N＜1张，不合格
二、白细胞：
M＜0.2ml，不合格","暂存等通知","/","/"
"143","RSPM2024029","LK091","RNA提取","/","切片：
N＜1张，不合格","暂存等通知","/","/"
"144","RSPM2024029","LK292","OncoCompass® Plus血浆版","/","白细胞：
M＜0.2ml，不合格","暂存等通知","/","/"
"145","RSPS2024003","LK167","燃石朗清®血浆版","/","一、全血：
2ml＜M＜6ml，警戒
M≤2ml，不合格
二、申请单审核时请注意：
（1）申请单英文医院名称翻译后与中文意思相近即可
（2）系统是否出具报告默认为否，无需反馈
（3）非样本本身异常情况可直接流转检测，并同步反馈异常","路径b[填充颜色:00B0F0]","/","/"
"146","RSPS2024003","LK179","燃石朗清® Pro血浆版UMI","/","一、全血：
M＜5ml，不合格
二、申请单审核时请注意：
（1）申请单英文医院名称翻译后与中文意思相近即可
（2）非样本本身异常情况可直接流转检测，并同步反馈异常","路径a[填充颜色:00B0F0]","/","/"
"147","RSPM2024026","LK262","燃石朗克® CDx组织版","/","一、切片：
N含空白玻片或HE片，暂停
N＞10张，合格需反馈
穿刺切片：
N＜8张，不合格
手术切片：
N＜5张，不合格
二、温控要求：0℃~30℃","路径a[填充颜色:00B0F0]","≤10张","/"
"148","RSPM2023061","LK525","OncoScreen® WES定制版","/","一、切片（N含HE片）：
N＞10张，合格需反馈
穿刺、内窥镜等非手术切除获取切片：
5张＜N＜8张，警戒
N≤5张，不合格
手术切片：
N≤2张，不合格
二、组织样本共用要求：LK525和LK091共用1张HE片","暂存等通知","≤10张","/"
"149","RSPM2023061","LK091","RNA提取","/","一、切片（N含HE片）：
N＞10张，合格需反馈
穿刺、内窥镜等非手术切除获取切片：
5张＜N＜8张，警戒
N≤5张，不合格
手术切片：
N≤2张，不合格
二、组织样本共用要求：LK525和LK091共用1张HE片","暂存等通知","≤10张","/"
"150","RSPS2023008","LK294","OncoScreen® Plus CDx组织版","由实验室贴M码","切片（N含HE片）：
N含空白玻片或HE片，暂停
N＞10张，合格需反馈
穿刺切片：
N＜5张，不合格
手术切片：
N＜2张，不合格","路径a[填充颜色:00B0F0]","≤10张","/"
"151","RSPM2024019","LK194","燃石朗清® Pro血浆版UMI","/","全血：
N＞1管，不合格，不流转分离
M＜5ml，不合格","暂存等通知","/","/"
"152","RSPM2022016","LK524","OncoScreen® WES定制版","/","一、切片：
N含空白玻片或HE片，暂停
N＞6张，合格需反馈
N＜1张，不合格
二、组织样本共用要求：LK524和LK601共用","暂存等通知","≤6张","/"
"153","RSPM2022016","LK601","OncoRNA","/","一、切片：
N含空白玻片或HE片，暂停
N＞6张，合格需反馈
N＜1张，不合格
二、组织样本共用要求：LK524和LK601共用","暂存等通知","≤6张","/"
"154","RSPM2024007","LK533","燃卫宁® RNA","/","一、切片：
N含空白玻片或HE片，暂停
N＞7张，合格需反馈
N≤2张，不合格
二、组织样本共用要求：LK524和LK601共用","暂存等通知","≤7张","/"
"155","RSPM2024007","LK534","燃卫宁® DNA","/","一、切片：
N含空白玻片或HE片，暂停
N＞7张，合格需反馈
N≤2张，不合格
二、组织样本共用要求：LK524和LK601共用","暂存等通知","≤7张","/"
"156","RSPM2024018","LK292","OncoCompass® Plus血浆版","/","全血：
2ml＜M＜6ml，警戒
M≤2ml，不合格","路径a[填充颜色:00B0F0]","/","/"
"157","RSPM2023016","LK291","OncoScreen® Plus组织版","运送单研究编号为LOXO-FG3-22001","切片（N含HE片）：
N含空白玻片或HE片，反馈并暂停
N＞10张，合格需反馈
穿刺切片：
5张＜N＜8张，警戒
N≤5张，不合格
手术切片：
N≤2张，不合格","暂存等通知","≤10张","/"
"158","RSPM2023016","LK292","OncoCompass® Plus血浆版","运送单研究编号为LOXO-FG3-22001","全血：
2ml＜M＜6ml，警戒
M≤2ml，不合格","暂存等通知","/","/"
"159","RSPM2024015","LK310","OncoScreen® Plus CDx组织版","/","一、切片（N不含HE）：
N含空白玻片或HE片，反馈并暂停
N＞5张，合格需反馈
N≤2张，不合格
二、切片（N含HE）：
N含空白玻片或HE片，反馈并暂停
N＞5+1张，合格需反馈
N≤2+1张，不合格","暂存等通知","1、不含HE片：≤5张
2、含HE片：≤5+1张","/"
"160","RSPM2024015","LK292","OncoCompass® Plus血浆版","/","/","暂存等通知","/","/"
"161","RSPM2024004","LK291","OncoScreen® Plus组织版","/","切片（N含HE片）：
N含空白玻片或HE片，反馈并暂停
N＞10张，合格需反馈
穿刺切片：
5张＜N＜8张，警戒
N≤5张，不合格
手术切片：
N≤2张，不合格
组织样本共用要求：LK291和LK340共用，其中一单暂停，另一单同时暂停","项目已完结，若收到先暂存，不要提取核酸，并反馈","≤10张","/"
"162","RSPM2024004","LK340","捕获转录组测序(Capture-WTS)","/","切片（N含HE片）：
N含空白玻片或HE片，反馈并暂停
N＞10张，合格需反馈
穿刺切片：
5张＜N＜8张，警戒
N≤5张，不合格
手术切片：
N≤2张，不合格
组织样本共用要求：LK291和LK340共用，其中一单暂停，另一单同时暂停","项目已完结，若收到先暂存，不要提取核酸，并反馈","≤10张","/"
"163","RSPM2024004","LK292","OncoCompass® Plus血浆版","/","全血：
2ml＜M＜6ml，警戒
M≤2ml，不合格","项目已完结，若收到先暂存，不要提取核酸，并反馈","/","/"
"164","RSPM2024003","LK170","燃石朗清®组织版","/","切片：
N含空白玻片或HE片，反馈并暂停
N＞10张，合格需反馈
穿刺切片：
5张＜N＜8张，警戒
N≤5张，不合格
手术切片：
N≤2张，不合格","路径a[填充颜色:00B0F0]","≤10张","/"
"165","RSPM2024003","LK167","燃石朗清®血浆版","/","全血：
2ml＜M＜6ml，警戒
M≤2ml，不合格","路径a[填充颜色:00B0F0]","/","/"
"166","RSPM2023060","LK295","OncoScreen® Plus CDx组织版","/","切片：
N＞7张，合格需反馈
穿刺切片：
N＜5张，不合格
手术切片：
N＜2张，不合格","暂存等通知","≤7张","/"
"167","RSPM2023060","LK176","燃石朗清®血浆版UMI","/","全血：
M＜0.2ml，不合格","暂存等通知","/","/"
"168","RSPM2023057","LK531","燃卫宁® DNA","/","切片：
N含空白玻片或HE片，反馈并暂停
N＞10张，合格需反馈
穿刺切片：
5张＜N＜8张，警戒
N≤5张，不合格
手术切片：
N≤2张，不合格","路径b[填充颜色:00B0F0]","≤10张","/"
"169","RSPM2023057","LK532","燃卫宁® DNA配对","/","暂存要求：-15℃~-25℃","路径b[填充颜色:00B0F0]","/","/"
"170","RSPM2024002","LK167","燃石朗清®血浆版","/","/","暂存等通知","/","/"
"171","RSPS2024002","LK262","燃石朗克® CDx组织版","/","切片（N含HE片）：
N＞10张，合格需反馈
穿刺切片：
N＜5张，不合格
手术切片：
N＜2张，不合格","路径a[填充颜色:00B0F0]","≤10张","/"
"172","RSPS2024002","LK106","燃石朗清® CDx血浆版","/","全血：
M＞10ml，合格需反馈
M＜5ml，不合格","路径a[填充颜色:00B0F0]","/","/"
"173","RSPM2023021","LK361","PD-L1(22c3)","/","切片（N含HE片）：
N含空白玻片或HE片，暂停
N＞3张，合格需反馈
N＜2张，不合格","路径a[填充颜色:00B0F0]","≤3张","/"
"174","RSPM2023021","LK292","OncoCompass® Plus血浆版","/","全血：
2ml＜M＜6ml，警戒
M≤2ml，不合格","路径b[填充颜色:00B0F0]","/","/"
"175","RSPS2024001","LK262","燃石朗克® CDx组织版","/","切片：
N＞10张，合格需反馈
穿刺切片：
N＜5张，不合格
手术切片：
N＜2张，不合格","路径a[填充颜色:00B0F0]","≤10张","/"
"176","RSPS2024001","LK106","燃石朗清® CDx血浆版","/","全血：
M＜5ml，不合格","路径b[填充颜色:00B0F0]","/","/"
"177","RSPM2023064","LK205","燃石利清®组织版","/","一、切片：
N＞10张，合格需反馈
穿刺切片：
5张＜N＜8张，警戒
N≤5张，不合格
手术切片：
N≤2张，不合格
二、组织样本共用要求：LK205+LK534+LK533共用","路径b[填充颜色:00B0F0]","≤10张","/"
"178","RSPM2023064","LK534","燃卫宁® DNA","/","一、切片：
N＞10张，合格需反馈
穿刺切片：
5张＜N＜8张，警戒
N≤5张，不合格
手术切片：
N≤2张，不合格
二、组织样本共用要求：LK205+LK534+LK533共用","路径b[填充颜色:00B0F0]","≤10张","/"
"179","RSPM2023064","LK533","燃卫宁® RNA","/","一、切片：
N＞10张，合格需反馈
穿刺切片：
5张＜N＜8张，警戒
N≤5张，不合格
手术切片：
N≤2张，不合格
二、组织样本共用要求：LK205+LK534+LK533共用","路径b[填充颜色:00B0F0]","≤10张","/"
"180","RSPM2023005","LK524","OncoScreen® WES定制版","/","一、切片：
N含空白玻片或HE片，反馈并暂停
N＞15张，合格需反馈
穿刺、内窥镜等非手术切除获取切片：
5张＜N＜8张，警戒
N≤5张，不合格
手术切片：
N≤2张，不合格
二、切片（数量N）和蜡卷（数量C）：
N>1张（和）或C>1管，合格需反馈
N＜1或C＜1管，不合格
三、白细胞：
M＜0.2ml，不合格","暂存等通知","1、切片：≤15张
2、切片+蜡卷：N=1张且C=1管","/"
"181","RSPM2023005","LK335","全转录组测序(WTS)","/","切片（数量N）和蜡卷（数量C）：
N>1张（和）或C>1管，合格需反馈
N＜1或C＜1管，不合格","暂存等通知","N=1张且C=1管","/"
"182","RSPM2023004","LK524","OncoScreen® WES定制版","/","一、切片：
N含空白玻片或HE片，反馈并暂停
N＞15张，合格需反馈
穿刺、内窥镜等非手术切除获取切片：
5张＜N＜8张，警戒
N≤5张，不合格
手术切片：
N≤2张，不合格
二、切片（数量N）和蜡卷（数量C）：
N>1张（和）或C>1管，合格需反馈
N＜1或C＜1管，不合格
三、组织样本共用要求：LK524和LK335共用
四、白细胞：
M＜0.2ml，不合格","暂存等通知","1、切片：≤15张
2、切片+蜡卷：N=1张且C=1管","/"
"183","RSPM2023004","LK335","全转录组测序(WTS)","/","一、切片：
N＞15张，合格需反馈
穿刺切片：
5张＜N＜8张，警戒
N≤5张，不合格
手术切片：
N≤2张，不合格
二、切片（数量N）和蜡卷（数量C）：
N>1张（和）或C>1管，合格需反馈
N＜1或C＜1管，不合格
三、组织样本共用要求：LK524和LK335共用","暂存等通知","1、切片：≤15张
2、切片+蜡卷：N=1张且C=1管","/"
"184","RSPM2023058","LK170","燃石朗清®组织版","/","一、切片：
N＞10张，合格需反馈
穿刺切片：
5张＜N＜8张，警戒
N≤5张，不合格
手术切片：
N≤2张，不合格
二、组织样本共用要求：LK170和LK361共用1张HE片，使用LK361的1张白片制备HE片","路径a[填充颜色:00B0F0]","≤10张","/"
"185","RSPM2023058","LK361","PD-L1(22c3)","/","一、切片：
N≠5张，不合格
二、组织样本共用要求：LK170和LK361共用1张HE片，使用LK361的1张白片制备HE片","路径a[填充颜色:00B0F0]","5张","/"
"186","RSPM2023054","LK118","燃石馥康®组织版","/","切片：
N含空白玻片或HE片，反馈并暂停
N＞10张，合格需反馈
穿刺切片：
5张＜N＜8张，警戒
N≤5张，不合格
手术切片：
N≤2张，不合格","路径a，按快速检测[填充颜色:00B0F0]","≤10张","/"
"187","RSPM2023054","LK206","燃石馥康®血浆版","/","全血：
2ml＜M＜6ml，警戒
M≤2ml，不合格","1、暂存等通知
2、按快速检测","/","/"
"188","RSPM2023049","LK106","燃石朗清® CDx血浆版","/","全血：
M＜5ml，不合格","路径b[填充颜色:00B0F0]","/","/"
"189","RSPM2023028","LK167","燃石朗清®血浆版","/","一、全血：
2ml＜M＜6ml，警戒
M≤2ml，不合格
二、如申请单出现：出生日期非预打印07月01日，需遮盖修改具体日期数字并反馈","1、全血：路径b
2、血浆、外送DNA：暂存等通知","/","/"
"190","RSPM2023040","LK292","OncoCompass® Plus血浆版","/","全血：
2ml＜M＜6ml，警戒
M≤2ml，不合格","路径b[填充颜色:00B0F0]","/","/"
"191","RSPM2023018","LK294","OncoScreen® Plus CDx组织版","/","切片：
N含空白玻片或HE片，反馈并暂停
N＞5张，合格需反馈
N≤2张，不合格","暂存等通知","≤5张","/"
"192","RSPM2023018","LK292","OncoCompass® Plus血浆版","/","白细胞：
M＜0.2ml，不合格","暂存等通知","/","/"
"193","RSPM2023055","LK167","燃石朗清®血浆版","/","一、全血：
2ml＜M＜6ml，警戒
M≤2ml，不合格
二、样本共用要求：LK167和LK290共用","路径b[填充颜色:00B0F0]","/","/"
"194","RSPM2023055","LK290","OncoScreen® Plus遗传版","/","一、全血：
2ml＜M＜6ml，警戒
M≤2ml，不合格
二、样本共用要求：LK167和LK290共用","路径b[填充颜色:00B0F0]","/","/"
"195","RSPM2023056","LK291","OncoScreen® Plus组织版","/","切片：
N＜1张，不合格","暂存等通知","/","/"
"196","RSPM2023056","LK524","OncoScreen® WES定制版","/","切片：
N＜1张，不合格","暂存等通知","/","/"
"197","RSPM2023056","LK601","OncoRNA","/","切片：
N＜1张，不合格","暂存等通知","/","/"
"198","RSPM2023056","LK292","OncoCompass® Plus血浆版","/","白细胞：
M＜0.2ml，不合格","暂存等通知","/","/"
"199","RSPM2023043","LK101","燃石朗克®组织版","/","切片：
N＞10张，合格需反馈
穿刺切片：
5张＜N＜8张，警戒
N≤5张，不合格
手术切片：
N≤2张，不合格","路径a[填充颜色:00B0F0]","≤10张","/"
"200","RSPM2023051","LK030","KRAS","/","切片：
穿刺切片：N＜8张，不合格
手术切片：N＜5张，不合格","路径a[填充颜色:00B0F0]","1、穿刺切片：≤8张
2、手术切片：≤5张","/"
"201","RSPM2023038","LK101","燃石朗克®组织版","/","切片（N含HE片）：
N＞10张，合格需反馈
穿刺切片：
5张＜N＜8张，警戒
N≤5张，不合格
手术切片：
N≤2张，不合格","1、立即检测：路径a
2、暂存复检：暂存等通知","≤10张","/"
"202","RSPM2023041","LK167","燃石朗清®血浆版","1、运送单研究编号为SHR-A2009-201
2、以CNXXX进行签收","全血：
2ml＜M＜6ml，警戒
M≤2ml，不合格","路径b[填充颜色:00B0F0]","/","/"
"203","RSPM2023039","LK292","OncoCompass® Plus血浆版","/","全血：
2ml＜M＜6ml，警戒
M≤2ml，不合格","路径b[填充颜色:00B0F0]","/","/"
"204","RSPM2023042","LK291","OncoScreen® Plus组织版","/","一、切片（N含HE片）：
N＞10张，合格需反馈
穿刺切片：
5张＜N＜8张，警戒
N≤5张，不合格
手术切片：
N≤2张，不合格
二、组织样本共用要求：LK291与LK340共用1张HE片，双提","暂存等通知","≤10张","申请单为电子版无需扫描"
"205","RSPM2023042","LK340","捕获转录组测序(Capture-WTS)","/","一、切片（N含HE片）：
N＞10张，合格需反馈
穿刺切片：
5张＜N＜8张，警戒
N≤5张，不合格
手术切片：
N≤2张，不合格
二、组织样本共用要求：LK291与LK340共用1张HE片，双提","暂存等通知","≤10张","申请单为电子版无需扫描"
"206","RSPM2023042","LK292","OncoCompass® Plus血浆版","/","全血：
2ml＜M＜6ml，警戒
M≤2ml，不合格","路径b[填充颜色:00B0F0]","/","申请单为电子版无需扫描"
"207","RSPM2023035","LK106","燃石朗清® CDx血浆版","/","全血：
M＜5ml，不合格","路径a[填充颜色:00B0F0]","/","/"
"208","RSPM2023032","LK167","燃石朗清®血浆版","/","全血：
2ml＜M＜6ml，警戒
M≤2ml，不合格","路径b[填充颜色:00B0F0]","/","/"
"209","RSPM2023032","LK194","燃石朗清® Pro血浆版UMI","/","全血：
2ml＜M＜6ml，警戒
M≤2ml，不合格","路径b","/","/"
"210","RSPM2023010","LK167","燃石朗清®血浆版","/","全血：
2ml＜M＜6ml，警戒
M≤2ml，不合格","暂存等通知","/","/"
"211","RSPM2023045","LK295","OncoScreen® Plus CDx组织版","/","切片：
穿刺切片：
N＞15张白片+1张HE片，合格需反馈
N＜8张白片+1张HE片，不合格
手术切片：
N＞10张白片+1张HE片，合格需反馈
N≤2张白片+1张HE片，不合格","暂存等通知","1、穿刺切片：≤15张白片+1张HE片
2、手术切片：≤10张白片+1张HE片","/"
"212","RSPM2023048","LK205","燃石利清®组织版","/","切片：
N＞10张，合格需反馈
穿刺切片：
5张＜N＜8张，警戒
N≤5张，不合格
手术切片：
N≤2张，不合格","暂存等通知","≤10张","/"
"213","RSPS2023003","LK291","OncoScreen® Plus组织版","/","切片（N含HE片）：
N含空白玻片或HE片，暂停
N＞9张，合格需反馈
穿刺切片：
5张＜N＜8张，警戒
N≤5张，不合格
手术切片：
N≤2张，不合格","路径b[填充颜色:00B0F0]","≤9张","/"
"214","RSPS2023003","LK292","OncoCompass® Plus血浆版","/","全血：
2ml＜M＜6ml，警戒
M≤2ml，不合格","路径b[填充颜色:00B0F0]","/","/"
"215","RSPM2023026","LK300","OncoCompass® Plus血浆定制版","/","一、全血：
N＞1管，合格需反馈，不流转分离
2ml＜M＜6ml，警戒
M≤2ml，不合格
二、申请单访视节点为C1D1送检2管，1管是PRE，1管是8HR，则为两个样本，无需反馈","路径b[填充颜色:00B0F0]","/","/"
"216","RSPM2023030","LK262","燃石朗克® CDx组织版","/","切片：
N＞10张，合格需反馈
穿刺切片：
5张＜N＜8张，警戒
N≤5张，不合格
手术切片：
N≤2张，不合格","路径a[填充颜色:00B0F0]","≤10张","/"
"217","RSPS2023004","LK264","燃石朗克® CDx组织版","/","一、切片：
N＞10张，合格需反馈
穿刺切片：
N＜8张，不合格
手术切片：
N＜5张，不合格
二、温控要求：常温","路径a[填充颜色:00B0F0]","≤10张","/"
"218","RSPS2023004","LK106","燃石朗清® CDx血浆版","/","一、全血：
M＜5ml，不合格
二、温控要求：常温","路径a[填充颜色:00B0F0]","/","/"
"219","RSPM2023034","LK521","OncoScreen® WES","/","一、切片：
N＞12张，合格需反馈
穿刺切片：
5张＜N＜8张，警戒
N≤5张，不合格
手术切片：
N≤2张，不合格
二、组织样本共用要求：LK521与LK335共用样本，LK521、LK335和LK361共用1张HE片，使用LK361的1张白片制备HE片","暂存等通知","≤12张","/"
"220","RSPM2023034","LK335","全转录组测序(WTS)","/","一、切片：
N＞12张，合格需反馈
穿刺切片：
5张＜N＜8张，警戒
N≤5张，不合格
手术切片：
N≤2张，不合格
二、组织样本共用要求：LK521与LK335共用样本，LK521、LK335和LK361共用1张HE片，使用LK361的1张白片制备HE片","暂存等通知","≤12张","/"
"221","RSPM2023034","LK361","PD-L1(22c3)","/","一、切片：
N＞3张，合格需反馈
N＜2张，不合格
二、组织样本共用要求：LK521与LK335共用样本，LK521、LK335和LK361共用1张HE片，使用LK361的1张白片制备HE片","暂存等通知","≤3张","/"
"222","RSPM2023019","LK292","OncoCompass® Plus血浆版","/","/","暂存等通知","/","/"
"223","RSPM2023019","LK306","OncoCompass® Plus血浆版UMI","/","/","暂存等通知","/","/"
"224","RSPM2023011","LK167","燃石朗清®血浆版","/","全血：
2ml＜M＜6ml，警戒
M≤2ml，不合格","路径b[填充颜色:00B0F0]","/","/"
"225","RSPM2023029","LK292","OncoCompass® Plus血浆版","/","全血：
2ml＜M＜6ml，警戒
M≤2ml，不合格","路径a[填充颜色:00B0F0]","/","/"
"226","RSPM2023022","LK291","OncoScreen® Plus组织版","/","一、切片（N含HE片）：
N＞10张，合格需反馈
穿刺切片：
5张＜N＜8张，警戒
N≤5张，不合格
手术切片：
N≤2张，不合格
二、温控要求：0℃~30℃","暂存等通知","≤10张","/"
"227","RSPM2023012","LK167","燃石朗清®血浆版","/","全血：
2ml＜M＜6ml，警戒
M≤2ml，不合格","路径b[填充颜色:00B0F0]","/","/"
"228","RSPM2023025","LK291","OncoScreen® Plus组织版","/","一、切片：
N含空白玻片或HE片，反馈并暂停
N＞10张，合格需反馈
穿刺切片：
5张＜N＜8张，警戒
N≤5张，不合格
手术切片：
N≤2张，不合格
二、温控要求：0℃~30℃","筛选期：路径a","1、穿刺切片：≤10张
2、手术切片：≤5张","/"
"229","RSPM2023025","LK292","OncoCompass® Plus血浆版","/","一、全血：
2ml＜M＜6ml，警戒
M≤2ml，不合格
二、温控要求：0℃~30℃","1、筛选期：路径a
2、访视期：路径b","/","/"
"230","RSPM2023025","/","#N/A","/","温控要求：0℃~30℃","暂存等通知","/","/"
"231","RSPM2022051","LK521","OncoScreen® WES","/","/","1、暂存等通知
2、如有HE片，直接流转用于病理评估","/","/"
"232","RSPM2022051","LK335","全转录组测序(WTS)","/","/","1、暂存等通知
2、如有HE片，直接流转用于病理评估","/","/"
"233","RSPM2022051","LK522","朗微®-MRD","/","全血：
M＜0.2ml，不合格","暂存等通知","/","/"
"234","RSPM2023024","LK291","OncoScreen® Plus组织版","/","/","暂存等通知","/","/"
"235","RSPM2023024","LK601","OncoRNA","/","/","暂存等通知","/","/"
"236","RSPM2023020","LK291","OncoScreen® Plus组织版","/","/","暂存等通知","/","/"
"237","RSPM2023020","LK335","全转录组测序(WTS)","/","/","暂存等通知","/","/"
"238","RSPM2023009","LK300","OncoCompass® Plus血浆定制版","1、筛选期样本由实验室贴M码，入组样本贴临时标签
2、申请单研究编号为WO43919","全血：
N＞1管，不合格暂停等通知
2ml＜M＜6ml，警戒
M≤2ml，不合格","1、筛选期，全血：路径a
2、入组期，血浆：路径b","/","/"
"239","RSPM2023002","LK296","OncoScreen® Plus CDx组织版","/","全血：
M＞2ml，不合格
M＜0.2ml，不合格","路径a[填充颜色:00B0F0]","/","/"
"240","RSPS2023001","LK291","OncoScreen® Plus组织版","/","一、切片：
N含空白玻片或HE片，暂停
N＞15张，合格需反馈
穿刺切片：
5张＜N＜8张，警戒
N≤5张，不合格
手术切片：
N≤2张，不合格
二、温控要求：10℃~30℃","1、单例前瞻性检测：路径a
2、批量回顾性检测：暂存等通知","≤15张","/"
"241","RSPS2023001","LK106","燃石朗清® CDx血浆版","/","一、全血：
M＜5ml，不合格
二、温控要求：10~30℃","1、单例前瞻性检测：路径a
2、批量回顾性检测：暂存等通知","/","/"
"242","RSPM2022028","LK262","燃石朗克® CDx组织版","/","切片：
N含空白玻片或HE片，暂停
N＞15张，合格需反馈
穿刺切片：
N＜5张，不合格
手术切片：
N＜3张，不合格","路径a[填充颜色:00B0F0]","≤15张","/"
"243","RSPM2022028","LK106","燃石朗清® CDx血浆版","/","全血：
M＜5ml，不合格","路径a[填充颜色:00B0F0]","/","/"
"244","RSPM2022054","LK291","OncoScreen® Plus组织版","/","切片：
（1）主研究：
N含空白玻片或HE片，暂停
N＞10张，合格需反馈
穿刺切片：
5张＜N＜8张，警戒
N≤5张，不合格
手术切片：
N≤2张，不合格
（2）探索性研究：
N含空白玻片或HE片，暂停
N＞7张，合格需反馈
穿刺切片：
5张＜N＜7张，警戒
N≤5张，不合格
手术切片：
N≤2张，不合格","1、筛选期：路径a
2、入组期：路径b","1、主研究：≤10张
2、探索性研究：≤7张","/"
"245","RSPM2022054","LK292","OncoCompass® Plus血浆版","/","全血：
M＜0.2ml，不合格","1、筛选期：路径a
2、入组期：路径b","/","/"
"246","RSPM2021020","LK170","燃石朗清®组织版","/","切片：
N＞10张，合格需反馈
穿刺切片：
5张＜N＜8张，警戒
N≤5张，不合格
手术切片：
N≤2张，不合格","路径b[填充颜色:00B0F0]","≤10张","/"
"247","RSPM2021020","LK167","燃石朗清®血浆版","/","全血：
2ml＜M＜6ml，警戒
M≤2ml，不合格","路径b[填充颜色:00B0F0]","/","/"
"248","RSPM2022055","LK533","燃卫宁® RNA","/","一、切片：
N＞10张，合格需反馈
穿刺切片：
5张＜N＜8张，警戒
N≤5张，不合格
手术切片：
N≤2张，不合格
二、全血：
M≥3ml或2d＜T≤3d，警戒
M＜3ml或T＞3d，不合格
三、温控要求：2℃~8℃","1、切片：暂存等通知
2、全血：暂存等通知","切片：≤10张","/"
"249","RSPM2022055","LK534","燃卫宁® DNA","/","一、切片：
N＞10张，合格需反馈
穿刺切片：
5张＜N＜8张，警戒
N≤5张，不合格
手术切片：
N≤2张，不合格
二、全血：
M≥3ml或2d＜T≤3d，警戒
M＜3ml或T＞3d，不合格
三、温控要求：2℃~8℃","1、切片：暂存等通知
2、全血：暂存等通知","切片：≤10张","/"
"250","RSPM2022055","LK292","OncoCompass® Plus血浆版","/","全血：
2ml＜M＜6ml或3d＜T≤7d，警戒
M≤2ml或T＞7d，不合格","暂存等通知","/","/"
"251","RSPM2022053","LK262","燃石朗克® CDx组织版","/","切片：
N＞10张，合格需反馈
穿刺切片：
5张＜N＜8张，警戒
N≤5张，不合格
手术切片：
N≤2张，不合格","路径a[填充颜色:00B0F0]","≤10张","/"
"252","RSPM2022053","LK291","OncoScreen® Plus组织版","/","切片：
N＞10张，合格需反馈
穿刺切片：
5张＜N＜8张，警戒
N≤5张，不合格
手术切片：
N≤2张，不合格","路径a[填充颜色:00B0F0]","≤10张","/"
"253","RSPM2022053","LK292","OncoCompass® Plus血浆版","/","全血：
2ml＜M＜6ml，警戒
M≤2ml，不合格","路径a[填充颜色:00B0F0]","/","/"
"254","RSPM2022049","LK512","myChoice HRD Plus","/","切片：
穿刺切片：
N＞20张，合格需反馈
5张＜N＜8张，警戒
N≤5张，不合格
手术切片：
N＞8张，合格需反馈
N≤2张，不合格","路径a[填充颜色:00B0F0]","1、穿刺切片：≤20张
2、手术切片：≤8张","/"
"255","RSPM2022049","LK335","全转录组测序(WTS)","/","切片：
穿刺切片：
N＞20张，合格需反馈
5张＜N＜8张，警戒
N≤5张，不合格
手术切片：
N＞8张，合格需反馈
N≤2张，不合格","路径a[填充颜色:00B0F0]","1、穿刺切片：≤20张
2、手术切片：≤8张","/"
"256","RSPM2022052","LK291","OncoScreen® Plus组织版","/","切片：
N＞15张，合格需反馈
穿刺切片：
5张＜N＜8张，警戒
N≤5张，不合格
手术切片：
N≤2张，不合格","1、需双提，检测申请单单独勾选LK601，LK601继续检测，LK291核酸提取后暂存
2、路径b","1、穿刺切片：≤15张
2、手术切片：≤8张","/"
"257","RSPM2022052","LK601","OncoRNA","/","切片：
N＞15张，合格需反馈
穿刺切片：
5张＜N＜8张，警戒
N≤5张，不合格
手术切片：
N≤2张，不合格","1、需双提，检测申请单单独勾选LK601，LK601继续检测，LK291核酸提取后暂存
2、路径a","1、穿刺切片：≤15张
2、手术切片：≤8张","/"
"258","RSPM2022047","LK291","OncoScreen® Plus组织版","/","切片：
N＞15张，合格需反馈
穿刺切片：
5张＜N＜8张，警戒
N≤5张，不合格
手术切片：
N≤2张，不合格","1、需双提（检测申请单单独勾选LK291，LK291继续检测，LK601核酸提取后暂存）
2、路径a","1、穿刺切片：≤15张
2、手术切片：≤8张","/"
"259","RSPM2022047","LK601","OncoRNA","/","切片：
N＞15张，合格需反馈
穿刺切片：
5张＜N＜8张，警戒
N≤5张，不合格
手术切片：
N≤2张，不合格","1、需双提（检测申请单单独勾选LK291，LK291继续检测，LK601核酸提取后暂存）
2、路径b","1、穿刺切片：≤15张
2、手术切片：≤8张","/"
"260","RSPM2022047","LK292","OncoCompass® Plus血浆版","/","全血：
N＞1管，不合格
2ml＜M＜6ml，警戒
M≤2ml，不合格","路径a[填充颜色:00B0F0]","/","/"
"261","RSPM2022005","LK291","OncoScreen® Plus组织版","/","切片：
N＞10张，合格需反馈
穿刺切片：
5张＜N＜8张，警戒
N≤5张，不合格
手术切片：
N≤2张，不合格","暂存等通知","≤10张","/"
"262","RSPM2022005","LK340","捕获转录组测序(Capture-WTS)","/","切片：
N＞10张，合格需反馈
穿刺切片：
5张＜N＜8张，警戒
N≤5张，不合格
手术切片：
N≤2张，不合格","暂存等通知","≤10张","/"
"263","RSPM2022005","LK292","OncoCompass® Plus血浆版","/","全血：
2ml＜M＜6ml，警戒
M≤2ml，不合格","暂存等通知","/","/"
"264","RSPM2022012","LK291","OncoScreen® Plus组织版","/","切片：
N＞10张，合格需反馈
穿刺切片：
5张＜N＜8张，警戒
N≤5张，不合格
手术切片：
N≤2张，不合格","路径a[填充颜色:00B0F0]","≤10张","/"
"265","RSPM2022012","LK167","燃石朗清®血浆版","/","全血：
2ml＜M＜6ml，警戒
M≤2ml，不合格","路径a[填充颜色:00B0F0]","/","/"
"266","RSPM2022036","LK103","朗康®组织版","/","切片：
N＞10张，合格需反馈
穿刺切片：
5张＜N＜8张，警戒
N≤5张，不合格
手术切片：
N≤2张，不合格","1、筛选期（子宫内膜癌队列）：路径a
2、筛选期（非子宫内膜癌队列）：暂存等通知","≤10张","/"
"267","RSPM2022036","LK292","OncoCompass® Plus血浆版","/","全血：
2ml＜M＜6ml，警戒
M≤2ml，不合格","暂存等通知","/","/"
"268","RSPM2022034","LK101","燃石朗克®组织版","1、运送单研究编号为HRS-4642-I-101
2、以CNXXX进行签收","切片：
N＞10张，合格需反馈
穿刺切片：
5张＜N＜8张，警戒
N≤5张，不合格
手术切片：
N≤2张，不合格","暂存等通知","≤10张","/"
"269","RSPM2022034","LK167","燃石朗清®血浆版","1、运送单研究编号为HRS-4642-I-101
2、以CNXXX进行签收","/","暂存等通知","/","/"
"270","RSPM2022031","LK291","OncoScreen® Plus组织版","/","切片（N含H片）：
N＞10张，合格需反馈
穿刺切片：
5张＜N＜8张，警戒
N≤5张，不合格
手术切片：
N≤2张，不合格","暂存等通知","≤10张","/"
"271","RSPM2022031","LK167","燃石朗清®血浆版","/","全血：
2ml＜M＜6ml，警戒
M≤2ml，不合格","暂存等通知","/","/"
"272","RSPS2021022","LK521","OncoScreen® WES","/","一、切片（N含HE片）：
N＞10张，合格需反馈
穿刺切片：
5张＜N＜8张，警戒
N≤5张，不合格
手术切片：
N≤2张，不合格
二、组织样本共用要求：LK521与LK523不共用
三、EDTA全血：
M＜0.2ml，不合格
四、温控要求：
全血：10℃~30℃","1、切片：暂存等通知
2、全血：暂存等通知","切片：≤10张","/"
"273","RSPS2021022","LK523","OncoScreen® WES","/","一、切片（N含HE片）：
N＞10张，合格需反馈
穿刺切片：
5张＜N＜8张，警戒
N≤5张，不合格
手术切片：
N≤2张，不合格
二、组织样本共用要求：LK521与LK523不共用","暂存等通知","≤10张","/"
"274","RSPS2021022","LK046","ATM","/","组织样本共用要求：优先满足LK521和LK523，LK046与LK047共用1张HE片；当LK046和LK047均仅能分配各1张切片，可与LK521/LK523共用1张HE片","暂存等通知","≤2张","/"
"275","RSPS2021022","LK047","ARID1A","/","组织样本共用要求：优先满足LK521和LK523，LK046与LK047共用1张HE片；当LK046和LK047均仅能分配各1张切片，可与LK521/LK523共用1张HE片","暂存等通知","≤2张","/"
"276","RSPS2021022","LK292","OncoCompass® Plus血浆版","/","一、全血：
N＞1管，不合格
2ml＜M＜6ml，警戒
M≤2ml，不合格
二、温控要求：
全血：10℃~30℃","暂存等通知","/","/"
"277","RSPM2022033","LK291","OncoScreen® Plus组织版","/","切片：
N＞10张，合格需反馈
穿刺切片：
5张＜N＜8张，警戒
N≤5张，不合格
手术切片：
N≤2张，不合格","筛选期：路径a；","≤10张","/"
"278","RSPM2022033","LK032","IHC/FISH定制版","/","外送检测，不需审核","/","/","/"
"279","RSPM2022033","LK292","OncoCompass® Plus血浆版","/","全血：
2ml＜M＜6ml，警戒
M≤2ml，不合格","1、筛选期：路径a
2、探索性研究：路径b","/","/"
"280","RSPM2021008","LK167","燃石朗清®血浆版","/","全血：
T＞3d需反馈
2ml＜M＜6ml，警戒
M≤2ml，不合格","路径b[填充颜色:00B0F0]","/","/"
"281","RSPM2025016","LK534","燃卫宁® DNA","/","一、全血：
M≥3ml且2d＜T≤3d，警戒
M＜3ml或T＞3d，不合格
二、温控要求：2℃~8℃","1、全血：路径b
2、外送白细胞&DNA：暂存等通知","/","/"
"282","RSPM2025016","LK533","燃卫宁® RNA","/","一、全血：
M≥3ml且2d＜T≤3d，警戒
M＜3ml或T＞3d，不合格
二、温控要求：2℃~8℃","1、全血：路径b
2、外送白细胞&DNA：暂存等通知","/","/"
"283","RSPM2025025","LK030","KRAS","/","切片：
N＞10张，合格需反馈
N＜5张，不合格","暂存等通知","≤10张","/"
"284","RSPS2025002","LK309","OncoScreen® Plus组织版","/","切片：
N＞10张，合格需反馈
N≤2张，不合格","路径a[填充颜色:00B0F0]","≤10张","/"
"285","RSPM2022018","LK521","OncoScreen® WES","/","一、切片：
N含空白玻片或HE片，反馈并暂停
N＞5张，合格需反馈
穿刺切片：
2张＜N＜5张，警戒
N≤2张，不合格
手术切片：
N≤2张，不合格
二、组织样本共用要求：
（1）LK521、LK335和LK041共用1张HE片，使用LK041的白片制备HE片
（2）LK521和LK335需共提，其中一单暂停，另一单同时暂停","暂存等通知","≤5张","/"
"286","RSPM2022018","LK335","全转录组测序(WTS)","/","一、切片：
N含空白玻片或HE片，反馈并暂停
N＞5张，合格需反馈
穿刺切片：
2张＜N＜5张，警戒
N≤2张，不合格
手术切片：
N≤2张，不合格
二、组织样本共用要求：
（1）LK521、LK335和LK041共用1张HE片，使用LK041的白片制备HE片
（2）LK521和LK335需共提，其中一单暂停，另一单同时暂停","暂存等通知","≤5张","/"
"287","RSPM2022018","LK041","MAP-BR定制版","/","一、切片：
N含空白玻片或HE片，反馈并暂停
二、组织样本共用要求：LK521、LK335和LK041共用1张HE片，使用LK041的白片制备HE片
三、优先满足MAP检测[部分文字颜色:FF0000][部分文字颜色:FF0000][部分文字颜色:FF0000]","2℃~8℃暂存等通知","3张","/"
"288","RSPM2022017","LK291","OncoScreen® Plus组织版","/","一、切片：
N含空白玻片或HE片，反馈并暂停
N＞9张，合格需反馈
穿刺切片：
5张＜N＜8张，警戒
N≤5张，不合格
手术切片：
N≤2张，不合格
二、蜡块","暂存等通知","≤9张","/"
"289","RSPM2022017","LK361","PD-L1(22c3)","/","切片：
N含空白玻片或HE片，反馈并暂停
N＞3张，合格需反馈
N＜2张，不合格
二、蜡块","暂存等通知","≤3张","/"
"290","RSPM2022017","LK292","OncoCompass® Plus血浆版","/","全血：
2ml＜M＜6ml，警戒
M≤2ml，不合格","暂存等通知","/","/"
"291","RSPL2022008","LK101","燃石朗克®组织版","/","切片：
N＞10张，合格需反馈
穿刺切片：
5张＜N＜8张，警戒
N≤5张，不合格
手术切片：
N≤2张，不合格","路径b[填充颜色:00B0F0]","≤10张","/"
"292","RSPM2022022","LK291","OncoScreen® Plus组织版","/","切片：
N＞8张，合格需反馈
穿刺切片：
5张＜N＜8张，警戒
N≤5张，不合格
手术切片：
N≤2张，不合格","路径a[填充颜色:00B0F0]","≤8张","/"
"293","RSPM2022024","LK101","燃石朗克®组织版","/","切片：
N＞8张，合格需反馈
穿刺切片：
N＜5张，不合格
手术切片：
N≤2张，不合格","暂存等通知","≤8张","/"
"294","RSPM2022024","LK291","OncoScreen® Plus组织版","/","切片：
N＞8张，合格需反馈
穿刺切片：
N＜5张，不合格
手术切片：
N≤2张，不合格","暂存等通知","≤8张","/"
"295","RSPM2022024","LK292","OncoCompass® Plus血浆版","/","全血：
2ml＜M＜6ml，警戒
M≤2ml，不合格","暂存等通知","/","/"
"296","RSPM2022026","LK292","OncoCompass® Plus血浆版","/","一、血浆：
1ml＜M＜3ml，警戒
M≤1ml，不合格
二、白细胞：
M＜0.2ml，不合格","暂存等通知","/","/"
"297","RSPM2022025","LK262","燃石朗克® CDx组织版","/","切片：
N＞10张，合格需反馈
穿刺切片：
N≤8张，不合格
手术切片：
N≤2张，不合格","路径a[填充颜色:00B0F0]","≤10张","/"
"298","RSPM2022025","LK292","OncoCompass® Plus血浆版","/","一、全血：
2ml＜M＜6ml，警戒
M≤2ml，不合格
二、血浆
1ml＜M＜3ml，警戒
M≤1ml，不合格","路径b[填充颜色:00B0F0]","/","/"
"299","RSPM2022003","LK291","OncoScreen® Plus组织版","/","切片（N含HE片）：
N＞10张，合格需反馈
穿刺切片：
N≤5张，不合格
手术切片：
N≤2张，不合格","路径a[填充颜色:00B0F0]","1、穿刺切片：≤10张
2、手术切片：≤5张","/"
"300","RSPM2022003","LK292","OncoCompass® Plus血浆版","/","全血：
2ml＜M＜6ml，警戒
M≤2ml，不合格","路径a[填充颜色:00B0F0]","/","/"
"301","RSPM2021003","LK170","燃石朗清®组织版","/","切片：
N＞10张，合格需反馈
穿刺切片：
5张＜N＜8张，警戒
N≤5张，不合格
手术切片：
N≤2张，不合格","暂存等通知","≤10张","/"
"302","RSPM2021003","LK167","燃石朗清®血浆版","/","全血：
2ml＜M＜6ml，警戒
M≤2ml，不合格","暂存等通知","/","/"
"303","RSPM2022013","LK521","OncoScreen® WES","/","一、切片（仅检测LK521）：
N＞10张，合格需反馈
穿刺切片：
5张≤N＜10张，警戒
N＜5张，不合格
手术切片：
2张≤N＜5张，警戒
N＜2张，不合格
二、切片（检测LK521、LK021和LK170）：
N＞20张，合格需反馈
穿刺切片：
12张≤N＜15张，警戒
N＜12张，不合格
手术切片：
2张≤N＜7张，警戒
N＜2张，不合格
三、组织样本共用要求：LK521、LK021和LK170共用样本
四、全血：
N＞2管，不合格
8ml≤M＜16ml且N≤2管，警戒
M＜8ml，不合格","1、切片：
基线期：路径a
筛选期：路径b
备注有“手术后组织样本，仅保存，暂无检测项目”：暂存等通知
2、全血：
检测申请单EGFR状态未知：路径b
检测申请单EGFR状态阳性：路径a","1、切片（仅检测LK521）：≤10张
2、切片（检测LK521+LK021+LK170）：≤20张
3、全血：≤2管
","/"
"304","RSPM2022013","LK021","EGFR","/","一、切片：
N＞20张，合格需反馈
穿刺切片：
12张≤N＜15张，警戒
N＜12张，不合格
手术切片：
2张≤N＜7张，警戒
N＜2张，不合格
二、组织样本共用要求：LK521、LK021和LK170共用样本","筛选期：路径a","≤20张","/"
"305","RSPM2022013","LK170","燃石朗清®组织版","/","一、切片：
N＞20张，合格需反馈
穿刺切片：
12张≤N＜15张，警戒
N＜12张，不合格
手术切片：
2张≤N＜7张，警戒
N＜2张，不合格
二、组织样本共用要求：LK521、LK021和LK170共用样本","筛选期：路径b","≤20张","/"
"306","RSPM2022013","LK183","燃小安®","/","全血：
M＜8ml，不合格","路径b","/","/"
"307","RSPM2022013","LK522","朗微®-MRD","/","全血：
N＞2管，不合格
8ml≤M＜16ml且N≤2管，警戒
M＜8ml，不合格","1、基线期：检测申请单EGFR状态未知：路径b
2、基线期：检测申请单EGFR状态阳性：路径a
3、非基线期：路径a","≤2管","/"
"308","RSPM2022013","LK176","燃石朗清®血浆版UMI","/","到样后反馈","暂存等通知","/","SSP未生效"
"309","RSPM2022013","LK526","朗微® LITE-MRD","/","到样后反馈","暂存等通知","/","SSP未生效"
"310","RSPS2022004","LK291","OncoScreen® Plus组织版","/","一、切片：
N＞15张，合格需反馈
穿刺切片：
5张＜N＜8张，警戒
N≤5张，不合格
手术切片：
N≤2张，不合格
二、温控要求：10℃~30℃","1、筛选期：路径a
2、其余访视节点：暂存等通知","≤15张","/"
"311","RSPS2022004","LK167","燃石朗清®血浆版","/","一、全血：
2ml＜M＜6ml，警戒
M≤2ml，不合格
二、温控要求：10℃~30℃","1、筛选期：路径a
2、其余访视节点：暂存等通知","/","/"
"312","RSPS2022004","LK106","燃石朗清® CDx血浆版","/","一、全血：
M≤5ml，不合格
二、温控要求：10℃~30℃","1、筛选期：路径a
2、其余访视节点：暂存等通知","/","/"
"313","RSPM2021012","LK521","OncoScreen® WES","1、运送单研究编号为SHR-1316-III-303
2、以CNXXX进行签收","切片：
N＞10张，合格需反馈
穿刺切片：
5张＜N＜10张，警戒
N≤5张，不合格
手术切片：
2张＜N＜6张，警戒
N≤2张，不合格","暂存等通知","1、穿刺切片：10张
2、手术切片：≤10张","/"
"314","RSPM2021012","LK522","朗微®-MRD","1、运送单研究编号为SHR-1316-III-303
2、以CNXXX进行签收","白细胞：
M＜0.2ml，不合格","暂存等通知","/","/"
"315","RSPS2022006","LK291","OncoScreen® Plus组织版","/","切片：
N＞10张，合格需反馈
穿刺切片：
5张＜N＜8张，警戒
N≤5张，不合格
手术切片：
N≤2张，不合格","1、CTA入排：路径a
2、探索性研究&Local入组：暂存等通知","≤10张","/"
"316","RSPS2022006","LK167","燃石朗清®血浆版","/","全血：
2ml＜M＜6ml，警戒
M≤2ml，不合格","1、CTA入排：路径a
2、探索性研究和Local入组：暂存等通知","/","/"
"317","RSPM2022002","LK167","燃石朗清®血浆版","/","全血：
2ml/管＜M＜6ml/管，警戒
M≤2ml/管，不合格","暂存等通知","/","/"
"318","RSPM2021005","LK524","OncoScreen® WES定制版","/","切片：
N＜1张，不合格","暂存等通知","/","/"
"319","RSPM2021005","LK291","OncoScreen® Plus组织版","/","切片：
N＜1张，不合格","暂存等通知","/","/"
"320","RSPM2021005","LK601","OncoRNA","/","切片：
N＜1张，不合格","暂存等通知","/","/"
"321","RSPM2021005","LK292","OncoCompass® Plus血浆版","/","/","暂存等通知","/","/"
"322","RSPM2022004","LK523","OncoScreen® WES","/","切片：
N＞10张，合格需反馈
穿刺切片：
5张＜N＜8张，警戒
N≤5张，不合格
手术切片：
N≤2张，不合格","暂存等通知","≤10张","/"
"323","RSPM2022004","LK041","MAP-BR定制版","/","切片：
N＞10张，合格需反馈
穿刺切片：
5张＜N＜8张，警戒
N≤5张，不合格
手术切片：
N≤2张，不合格","暂存等通知","≤10张","/"
"324","RSPM2022004","LK335","全转录组测序(WTS)","/","切片：
N＞10张，合格需反馈
穿刺切片：
5张＜N＜8张，警戒
N≤5张，不合格
手术切片：
N≤2张，不合格","暂存等通知","≤10张","/"
"325","RSPM2022009","LK297","OncoScreen® Plus CDx组织版","/","一、切片：
N＞10张，合格需反馈
穿刺切片：
N≤8张，不合格
手术切片：
N≤2张，不合格
二、全血：
M＜0.2ml，不合格","路径a[填充颜色:00B0F0]","切片：≤10张","/"
"326","RSPS2021016","LK167","燃石朗清®血浆版","/","一、全血：
T＞3d，合格需反馈
2ml＜M＜6ml，警戒
M≤2ml，不合格
二、申请单审核时如出现以下情况，反馈后继续流转：
（1）样本类型、访视节点未勾选
（2）取样时间、出生日期、临床诊断等未填写
（3）送检人信息（姓名、电话、邮箱等）模糊","路径a[填充颜色:00B0F0]","/","/"
"327","RSPM2021014","LK291","OncoScreen® Plus组织版","/","穿刺切片：
N≤5张，不合格
手术切片：
N＞5张需反馈
N≤2张，不合格","暂存等通知","/","/"
"328","RSPM2021014","LK292","OncoCompass® Plus血浆版","/","/","暂存等通知","/","/"
"329","RSPM2021016","LK291","OncoScreen® Plus组织版","/","切片：
N＞15张，合格需反馈
穿刺切片：
5张＜N≤10张，警戒
N≤5张，不合格
手术切片：
2张＜N≤5张，警戒
N≤2张，不合格","暂存等通知","N-2张且≤13张","/"
"330","RSPM2021016","LK601","OncoRNA","/","切片：
N＞15张，合格需反馈
穿刺切片：
5张＜N≤10张，警戒
N≤5张，不合格
手术切片：
2张＜N≤5张，警戒
N≤2张，不合格","暂存等通知","N-2张且≤13张","/"
"331","RSPM2021016","LK041","MAP-BR定制版","/","切片：
N＞15张，合格需反馈
穿刺切片：
5张＜N≤10张，警戒
N≤5张，不合格
手术切片：
2张＜N≤5张，警戒
N≤2张，不合格","暂存等通知","2张","/"
"332","RSPM2021016","LK292","OncoCompass® Plus血浆版","/","一、全血：
2ml＜M＜6ml，警戒
M≤2ml，不合格
二、streck管全血需保留血浆+白细胞","暂存等通知","/","/"
"333","RSPS2022001","LK513","myChoice HRD Plus","由实验室贴M码","切片：
N＞15张，合格需反馈
N＜6张，不合格","路径a[填充颜色:00B0F0]","≤15张","/"
"334","RSPM2021017","LK291","OncoScreen® Plus组织版","/","切片：
穿刺切片：
4张＜N＜7张，警戒
N≤4张，不合格
手术切片：
N≤1张，不合格","暂存等通知","≤7张","/"
"335","RSPM2021017","LK524","OncoScreen® WES定制版","/","切片：
穿刺切片：
4张＜N＜7张，警戒
N≤4张，不合格
手术切片：
N≤1张，不合格","暂存等通知","≤7张","/"
"336","RSPM2021017","LK521","OncoScreen® WES","/","切片：
穿刺切片：
4张＜N＜7张，警戒
N≤4张，不合格
手术切片：
N≤1张，不合格","暂存等通知","≤7张","/"
"337","RSPM2021017","LK601","OncoRNA","/","切片：
穿刺切片：
4张＜N＜7张，警戒
N≤4张，不合格
手术切片：
N≤1张，不合格","暂存等通知","≤7张","/"
"338","RSPM2021017","LK522","朗微®-MRD","/","/","暂存等通知","/","/"
"339","RSPM2021017","LK292","OncoCompass® Plus血浆版","/","/","暂存等通知","/","/"
"340","RSPS2021018","LK262","燃石朗克® CDx组织版","/","切片：
N＞10张，合格需反馈
穿刺切片：
N＜5张，不合格
手术切片：
N＜2张，不合格","1、筛选期：路径a
2、其余访视节点：暂存等通知","≤10张","/"
"341","RSPS2021018","LK106","燃石朗清® CDx血浆版","/","一、全血：
M＜5ml，不合格
二、温控要求：15℃~25℃","1、筛选期：路径a
2、其余访视节点：暂存等通知","/","/"
"342","RSPS2021018","LK101","燃石朗克®组织版","/","一、胸水：
X≤3ml，不合格
二、温控要求：15℃~25℃","1、筛选期：路径a
2、其余访视节点：暂存等通知","/","/"
"343","RSPS2021007","LK262","燃石朗克® CDx组织版","/","一、切片：
N＞15张，合格需反馈
穿刺切片：
N＜5张，不合格
手术切片：
N＜3张，不合格
二、温控要求：10℃~30℃","1、备注为II期：路径a
2、其他：暂存等通知","≤15张","/"
"344","RSPS2021007","LK170","燃石朗清®组织版","/","切片：
N＞10张，合格需反馈
穿刺切片：
N＜5张，不合格
手术切片：
N＜3张，不合格","1、备注为II期：路径a
2、其他：暂存等通知","≤10张","/"
"345","RSPS2021007","LK167","燃石朗清®血浆版","/","全血：
2ml＜M＜6ml，警戒
M≤2ml，不合格","暂存等通知","/","/"
"346","RSPS2021004","LK294","OncoScreen® Plus CDx组织版","/","切片：
N＞10张，合格需反馈
穿刺切片：
N＜5张，不合格
手术切片：
N＜2张，不合格","路径a[填充颜色:00B0F0]","≤10张","/"
"347","RSPS2020017","LK291","OncoScreen® Plus组织版","/","切片：
N＞10张，合格需反馈
穿刺切片：
5张＜N＜8张，警戒
N≤5张，不合格
手术切片：
N≤2张，不合格","1、I期（需双提）、II期Cohort2、Cohort4、Cohort5：暂存等通知
2、Ⅱ期Cohort1：需双提：
勾选LK601：LK291路径b，LK601路径a
勾选LK291：LK291路径a，LK601路径b","1、I期、II期Cohort1样本需双提：≤10张
2、Ⅱ期Cohort2、Cohort4、Cohort5：
穿刺样本：≤10张
手术样本：5张","/"
"348","RSPS2020017","LK601","OncoRNA","/","切片：
N＞10张，合格需反馈
穿刺切片：
5张＜N＜8张，警戒
N≤5张，不合格
手术切片：
N≤2张，不合格","1、I期需双提：暂存等通知
2、Ⅱ期Cohort1：需双提：
勾选LK601：LK291路径b，LK601路径a
勾选LK291：LK291路径a，LK601路径b","≤10张","/"
"349","RSPS2020017","LK262","燃石朗克® CDx组织版","/","切片：
N＞10张，合格需反馈
穿刺切片：
N＜5张，不合格
手术切片：
N＜2张，不合格","暂存等通知","≤10张","/"
"350","RSPS2020017","LK167","燃石朗清®血浆版","/","全血：
N＞2管，不合格
M＞10ml，不合格
2ml＜M＜6ml，警戒
M≤2ml，不合格","暂存等通知","/","/"
"351","RSPS2019005","LK291","OncoScreen® Plus组织版","/","切片：
N＞10张，合格需反馈
穿刺切片：
N＜6张，不合格
手术切片：
N＜3张，不合格","暂存等通知","≤10张","/"
"352","RSPS2024005","LK262","燃石朗克® CDx组织版","/","切片：
N＞10张，合格需反馈
穿刺切片：
N＜5张，不合格
手术切片：
N＜2张，不合格","暂存等通知","≤10张","/"
"353","RSPS2024005","LK380","TruSight Oncology 500 DNA","/","/","暂存等通知","/","/"
"354","RSPS2024005","LK106","燃石朗清® CDx血浆版","/","/","暂存等通知","/","/"
"355","RSPM2025039","LK305","OncoScreen® ParpMatch Pro CDx组织版","/","切片：
N＞10张，合格需反馈
穿刺切片：
N＜8张，不合格
手术切片：
N＜2张，不合格","暂存等通知","≤10张","/"
"356","RSPM2025039","LK306","OncoCompass® Plus血浆版UMI","/","/","暂存等通知","/","/"
"357","RSPM2025038","LK311","OncoCompass® Plus血浆版","/","全血：
2ml/管＜M＜6ml/管，警戒
M≤2ml/管，不合格","路径b[填充颜色:00B0F0]","/","/"
"358","RSPM2025036","LK524","OncoScreen® WES定制版","/","到样后反馈","暂存等通知","/","SSP未生效"
"359","RSPM2025036","LK091","RNA提取","/","到样后反馈","暂存等通知","/","SSP未生效"
"360","RSPM2025036","LK292","OncoCompass® Plus血浆版","/","到样后反馈","暂存等通知","/","SSP未生效"
"361","RSPM2025042","LK101","燃石朗克®组织版","/","切片：
N＞5张，合格需反馈
穿刺切片：
N≤4张，不合格
手术切片：
N≤2张，不合格","路径a[填充颜色:00B0F0]","1、穿刺切片：5张
2、手术切片：≤5张","/"
"362","RSPM2025042","LK167","燃石朗清®血浆版","/","全血：
M＜6ml，不合格","路径b[填充颜色:00B0F0]","/","/"
"363","RSPM2025043","LK291","OncoScreen® Plus组织版","/","一、切片：
N＞10张，不合格
穿刺切片：
5张＜N＜8张，警戒
N≤5张，不合格
手术切片：
N≤2张，不合格
二、温控要求：0℃-30℃","路径a[填充颜色:00B0F0]","≤10张","/"
"364","RSPM2025015","LK291","OncoScreen® Plus组织版","/","一、Pre-SCRNTS筛选期切片：
N＞15张，合格需反馈
穿刺切片：
5张＜N＜8张，警戒
N≤5张，不合格
手术切片：
N≤2张，不合格
二、PR/PD探索性切片：
N＞10张，合格需反馈
穿刺切片：
5张＜N＜8张，警戒
N≤5张，不合格
手术切片：
N≤2张，不合格","1、国内样本：
“是”出报告：路径a
“否”出报告：暂存等通知
2、国外样本：暂存等通知","1、（Pre-）SCRNTS筛选期组织：≤15张
2、PR/PD探索性组织：≤10张","/"
"365","RSPM2025015","LK292","OncoCompass® Plus血浆版","/","/","1、国内样本：
“是”出报告：路径a
“否”出报告：路径b
2、国外样本：暂存等通知","/","/"
"366","RSPM2025013","LK291","OncoScreen® Plus组织版","/","一、切片：
N＞10张，合格需反馈
穿刺切片：
5张＜N＜8张，警戒
N≤5张，不合格
手术切片：
N≤2张，不合格
二、白细胞：
M＜0.2ml，不合格
三、温控要求：
白细胞：干冰","项目已完结，若收到先暂存，不要提取核酸，并反馈","≤10张","/"
"367","RSPM2025035","LK361","PD-L1(22c3)","/","切片：
N＜2张，不合格","暂存等通知","≤5张","/"
"368","RSPM2024021","LK292","OncoCompass® Plus血浆版","/","/","暂存等通知","/","/"
"369","RSPM2024021","LK306","OncoCompass® Plus血浆版UMI","/","/","暂存等通知","/","/"
"370","RSPM2022050","LK167","燃石朗清®血浆版","/","/","暂存等通知","/","/"
"371","RSPM2024071","LK167","燃石朗清®血浆版","/","/","暂存等通知","/","/"
"372","RSPM2023017","LK291","OncoScreen® Plus组织版","/","一、切片：
N含空白玻片或HE片，反馈并暂停
N＞10张，合格需反馈
穿刺切片：
5张≤N＜8张，警戒
N＜5张，不合格
手术切片：
N＜2张，不合格
二、组织样本共用要求：
（1）LK291、LK340和LK041共用1张HE片，使用LK291、LK340的白片制备HE片
（2）LK291与LK340需共提，其中一单暂停，另一单同时暂停
三、温控要求：
切片：10℃~30℃
全血：-60℃~-80℃","1、切片：-15℃~-25℃暂存等通知
2、全血：暂存等通知","切片：≤10张","/"
"373","RSPM2023017","LK340","捕获转录组测序(Capture-WTS)","/","一、切片：
N含空白玻片或HE片，反馈并暂停
N＞10张，合格需反馈
穿刺切片：
5张≤N＜8张，警戒
N＜5张，不合格
手术切片：
N＜2张，不合格
二、组织样本共用要求：
（1）LK291、LK340和LK041共用1张HE片，使用LK291、LK340的白片制备HE片
（2）LK291与LK340需共提，其中一单暂停，另一单同时暂停
三、温控要求：10℃~30℃","-15℃~-25℃暂存等通知","≤10张","/"
"374","RSPM2023017","LK041","MAP-BR定制版","/","一、切片：
N含空白玻片或HE片，反馈并暂停
N=2张，合格需反馈
N＞3张，不合格
N＜2张，不合格
二、组织样本共用要求：LK291、LK340和LK041共用1张HE片，使用LK291、LK340的白片制备HE片
三、温控要求：10℃~30℃","-15℃~-25℃暂存等通知","3张","/"
"375","RSPM2022007","LK167","燃石朗清®血浆版","/","/","暂存等通知","/","/"
"376","RSPM2022032","LK167","燃石朗清®血浆版","/","/","暂存等通知","/","/"
"377","RSPM2023053","LK292","OncoCompass® Plus血浆版","/","/","暂存等通知","/","/"
"378","RSPS2021015","LK106","燃石朗清® CDx血浆版","/","/","暂存等通知","/","/"
"379","RSPS2020010","LK291","OncoScreen® Plus组织版","/","/","1、疾病进展期：路径a
2、基线期：路径b","/","无SSP"
"380","RSPS2020010","LK167","燃石朗清®血浆版","/","/","1、疾病进展期：路径a
2、基线期：路径b","/","无SSP"
"381","RSPL2021003","LK021","EGFR","/","/","路径a[填充颜色:00B0F0]","1、穿刺切片：10张
2、手术切片：5张","无SSP"
"382","RSPL2021003","LK081","#N/A","/","/","1、组织：路径a
2、全血：路径b","1、穿刺切片：10张
2、手术切片：5张","无SSP"
"383","RSPL2021003","LK170","燃石朗清®组织版","/","/","路径a[填充颜色:00B0F0]","1、穿刺切片：10张
2、手术切片：5张","无SSP"
"384","RSPL2021003","LK167","燃石朗清®血浆版","/","/","路径b[填充颜色:00B0F0]","/","无SSP"
"385","RSPL2021004","LK021","EGFR","/","/","路径a[填充颜色:00B0F0]","1、穿刺切片：10张
2、手术切片：5张","无SSP"
"386","RSPL2021004","LK081","#N/A","/","/","1、组织：路径a
2、全血：路径b","1、穿刺切片：10张
2、手术切片：5张","无SSP"
"387","RSPL2021004","LK170","燃石朗清®组织版","/","/","路径a[填充颜色:00B0F0]","1、穿刺切片：10张
2、手术切片：5张","无SSP"
"388","RSPL2021004","LK167","燃石朗清®血浆版","/","/","路径b[填充颜色:00B0F0]","/","无SSP"
"389","RSPL2022006","LK041","MAP-BR定制版","/","一、每例送检10张切片，到位后3张保存在-20℃；7张常温保存；
二、-20℃保存的3张切片，批量外送进行MAP检测","暂存等通知","/","无SSP"
"390","RSPM2025022","LK294","OncoScreen® Plus CDx组织版","1、由实验室贴M码
2、查询微文档是否有指定M码
3、申请单研究编号为D6187C00001
4、LK294与LK340共用样本，贴2个M码","一、切片：
N＞10张，合格需反馈
N＜2张，不合格
二、组织样本共用要求：LK294和LK340共用样本
三、申请单审核如有以下情况，反馈并暂停：
1、访视节点不是PROSPECTIVEAGASLIDES或PROSPECTIVEAGASLIDESTOBR
2、癌种非肺癌
3、是否出具报告：否
四、无需反馈情况：
1、申请单RequisitionCompletedTime：00:01，系统默认不录入；
2、申请单SpecimenType：UnstainedSlides，系统默认录入为切片","1、需双提
2、路径a
3、有通知，则按通知要求的方式","≤10张","/"
"391","RSPM2025022","LK340","捕获转录组测序(Capture-WTS)","1、由实验室贴M码
2、查询微文档是否有指定M码
3、申请单研究编号为D6187C00001
4、LK294与LK340共用样本，贴2个M码","一、切片：
N＞10张，合格需反馈
N＜2张，不合格
二、组织样本共用要求：LK294和LK340共用样本
三、申请单审核如有以下情况，反馈并暂停：
1、访视节点不是PROSPECTIVEAGASLIDES或PROSPECTIVEAGASLIDESTOBR
2、癌种非肺癌
3、是否出具报告：否
四、无需反馈情况：
1、申请单RequisitionCompletedTime：00:01，系统默认不录入；
2、申请单SpecimenType：UnstainedSlides，系统默认录入为切片","1、需双提
2、路径b
3、有通知，则按通知要求的方式","≤10张","/"
"392","RSPM2025022","LK195","燃石朗清®血浆升级版UMI","/","/","暂存等通知","/","/"
"393","RSPS2020019","LK291","OncoScreen® Plus组织版","/","/","暂存等通知","/","无SSP"
"394","RSPS2020019","LK292","OncoCompass® Plus血浆版","/","/","暂存等通知","/","无SSP"
"395","RSPM2025030","LK196","燃石朗清® Pro血浆版UMI","/","全血：
N>1管，不合格
2ml＜M＜6ml，警戒
M≤2ml，不合格","1、全血：路径b
2、血浆、外送DNA：暂存等通知","/","/"
"396","RSPM2025041","LK170","燃石朗清®组织版","/","一、切片：
N＞10张，合格需反馈，暂停流转
穿刺切片：
5张＜N＜8张，警戒
N≤5张，不合格
手术切片：
N≤2张，不合格
二、温控要求：10℃~30℃","暂存等通知","≤10张","/"
"397","RSPM2025041","LK167","燃石朗清®血浆版","/","一、全血：
2ml＜M＜6ml，警戒
M≤2ml，不合格
二、温控要求：10℃~30℃","路径b[填充颜色:00B0F0]","/","/"
"398","RSPM2025046","LK170","燃石朗清®组织版","1、由实验室贴M码
2、申请单研究编号为DZ2024C0001","一、切片：
N含空白玻片或HE片，反馈并暂停
穿刺切片：
N＞10张，合格需反馈
5张＜N＜8张，警戒
N≤5张，不合格
手术切片：
N＞5张，合格需反馈
N=2张，警戒
N＜2张，不合格
二、温控要求：15℃~25℃","暂存等通知","1、穿刺切片：≤10张
2、手术切片：≤5张","/"
"399","RSPM2025046","LK167","燃石朗清®血浆版","1、由实验室贴M码
2、申请单研究编号为DZ2024C0001","送检血浆，温控要求：-60℃~100℃","暂存等通知","/","/"
"400","RSPM2024045","LK527","OncoScreen® WES","/","一、切片（N含HE片）：
N含空白玻片或HE片，暂停
N＞12张，合格需反馈
穿刺切片：
5张＜N＜8张，警戒
N≤5张，不合格
手术切片：
N≤2张，不合格
二、全血：
M＜0.2ml，不合格
三、温控要求：
切片：2℃~8℃","1、切片：2℃~8℃暂存等通知
2、全血：路径b","切片：≤12张","/"
"401","RSPM2024045","LK340","捕获转录组测序(Capture-WTS)","/","一、切片（N含HE片）：
N含空白玻片或HE片，暂停
N＞12张，合格需反馈
穿刺切片：
5张＜N＜8张，警戒
N≤5张，不合格
手术切片：
N≤2张，不合格
二、温控要求：2℃~8℃","2℃~8℃暂存等通知","≤12张","/"
"402","RSPM2025044","LK170","燃石朗清®组织版","/","切片：
N＞10张，合格需反馈
穿刺切片：
5张＜N＜8张，警戒
N≤5张，不合格
手术切片：
N≤2张，不合格","路径a[填充颜色:00B0F0]","≤10张","/"
"403","RSPM2025044","LK167","燃石朗清®血浆版","/","全血：
2ml＜M＜6ml，警戒
M≤2ml，不合格","路径a[填充颜色:00B0F0]","/","/"
"404","RSPM2025044","LK090","gDNA提取","/","/","路径b[填充颜色:00B0F0]","/","/"
"405","RSPS2024004","LK262","燃石朗克® CDx组织版","/","到样后反馈","暂存等通知","/","SSP未生效"
"406","RSPL2023009","LK264","燃石朗克® CDx组织版","/","到样后反馈","暂存等通知","/","SSP未生效"
"407","RSPL2024001","LK525","OncoScreen® WES定制版","/","/","暂存等通知","/","无SSP"
"408","RSPL2024001","LK335","全转录组测序(WTS)","/","/","暂存等通知","/","无SSP"
"409","RSPL2024003","LK167","燃石朗清®血浆版","/","/","暂存等通知","/","无SSP"
"410","RSKY2023065","LK291","OncoScreen® Plus组织版","/","/","路径b[填充颜色:00B0F0]","/","无SSP"
"411","RSKY2023065","LK335","全转录组测序(WTS)","/","/","1、销售备注“转移灶”：路径a
2、其他：路径b","/","无SSP"
"412","RSPM2025052","LK291","OncoScreen® Plus组织版","1、由实验室贴M码
2、LK291与LK340共用样本，贴2个M码","一、切片（N含HE片）：
N含空白玻片或HE片，暂停
N＞10张，合格需反馈
穿刺切片：
5张＜N＜8张，警戒
N≤5张，不合格
手术切片：
N≤2张，不合格
二、组织样本共用要求：LK291与LK340共用样本，其中一单暂停另一单需同时暂停","暂存等通知","≤10张","/"
"413","RSPM2025052","LK340","捕获转录组测序(Capture-WTS)","1、由实验室贴M码
2、LK291与LK340共用样本，贴2个M码","一、切片（N含HE片）：
N含空白玻片或HE片，暂停
N＞10张，合格需反馈
穿刺切片：
5张＜N＜8张，警戒
N≤5张，不合格
手术切片：
N≤2张，不合格
二、组织样本共用要求：LK291与LK340共用样本，其中一单暂停另一单需同时暂停","暂存等通知","≤10张","/"
"414","RSPM2025052","LK292","OncoCompass® Plus血浆版","由实验室贴M码","一、全血：
2ml＜M＜6ml，警戒
M≤2ml，不合格
二、温控要求：15℃~25℃","路径b[填充颜色:00B0F0]","/","/"
"415","RSPM2025053","LK291","OncoScreen® Plus组织版","1、由实验室贴M码
2、LK291与LK340共用样本，贴2个M码","一、切片（N含HE片）：
N含空白玻片或HE片，暂停
N＞10张，合格需反馈
穿刺切片：
5张＜N＜8张，警戒
N≤5张，不合格
手术切片：
N≤2张，不合格
二、组织样本共用要求：LK291与LK340共用样本，其中一单暂停另一单需同时暂停","暂存等通知","≤10张","/"
"416","RSPM2025053","LK340","捕获转录组测序(Capture-WTS)","1、由实验室贴M码
2、LK291与LK340共用样本，贴2个M码","一、切片（N含HE片）：
N含空白玻片或HE片，暂停
N＞10张，合格需反馈
穿刺切片：
5张＜N＜8张，警戒
N≤5张，不合格
手术切片：
N≤2张，不合格
二、组织样本共用要求：LK291与LK340共用样本，其中一单暂停另一单需同时暂停","暂存等通知","≤10张","/"
"417","RSPM2025053","LK292","OncoCompass® Plus血浆版","由实验室贴M码","一、全血：
2ml＜M＜6ml，警戒
M≤2ml，不合格
二、温控要求：15℃~25℃","路径b[填充颜色:00B0F0]","/","/"
"418","RSPM2025024","LK527","OncoScreen® WES","/","一、切片（N含HE片）：
N含空白玻片或HE片，暂停
N＞12张，合格需反馈
穿刺切片：
5张＜N＜8张，警戒
N≤5张，不合格
手术切片：
N≤2张，不合格
二、组织样本共用要求：LK527与LK340共用
三、全血：
M＜0.2ml，不合格
四、温控要求：
切片：2℃~8℃","1、切片：2℃~8℃暂存等通知
2、全血：路径b","切片：≤12张","/"
"419","RSPM2025024","LK340","捕获转录组测序(Capture-WTS)","/","一、切片（N含HE片）：
N含空白玻片或HE片，暂停
N＞12张，合格需反馈
穿刺切片：
5张＜N＜8张，警戒
N≤5张，不合格
手术切片：
N≤2张，不合格
二、组织样本共用要求：LK527与LK340共用
三、温控要求：2~8℃","2℃~8℃暂存等通知","≤12张","/"
"420","RSPM2025031","LK101","燃石朗克®组织版","/","切片（N含HE片）：
N＞10张，合格需反馈
穿刺、内窥镜等非手术切除获取的切片：
5张＜N＜8张，警戒
N≤5张，不合格
手术切片：
N≤2张，不合格","1、到位即检：路径a
2、批量检测：暂存等通知","≤10张","/"
"421","RSPM2025031","LK167","燃石朗清®血浆版","/","全血：
2ml＜M＜6ml，警戒
M≤2ml，不合格","1、到位即检：路径a
2、批量检测：路径b","/","/"
"422","RSPL2025011","LK170","燃石朗清®组织版","/","/","暂存等通知","/","/"
"423","RSPL2025011","LK550","OverC® Monitor-01","/","/","暂存等通知","/","/"
"424","RSPM2025051","LK170","燃石朗清®组织版","/","切片：
N＞10张，合格需反馈
穿刺切片：
5张＜N＜8张，警戒
N≤5张，不合格
手术切片：
N≤2张，不合格","1、探索研究：暂存等通知
2、主研究或主研究&探索研究：路径a","≤10张","/"
"425","RSTL2021023","LK521","OncoScreen® WES","/","不卡控知情","1、切片：暂存等通知
2、白细胞：到位与项目组确认","/","/"
"426","RSTL2021023","LK522","朗微®-MRD","/","不卡控知情","/","/","/"
"427","RSKY2023018","LK521","OncoScreen® WES","/","切片：
N≤5张，不合格","暂存等通知","/","无SSP"
"428","RSPM2025055","LK170","燃石朗清®组织版","/","到样后反馈","暂存等通知","/","SSP未生效"
"429","RSPM2025055","LK167","燃石朗清®血浆版","/","到样后反馈","暂存等通知","/","SSP未生效"
"430","RSPM2025054","LK291","OncoScreen® Plus组织版","/","一、切片（N含HE片）：
N含空白玻片或HE片，暂停
N＞10张，合格需反馈
穿刺切片：
5张＜N＜8张，警戒
N≤5张，不合格
手术切片：
N≤2张，不合格
二、组织样本共用要求：LK291与LK340共用样本，其中一单暂停另一单需同时暂停
三、EDTA全血：
N>1管，不合格
M＜0.2ml，不合格","路径b[填充颜色:00B0F0]","切片：≤10张","/"
"431","RSPM2025054","LK340","捕获转录组测序(Capture-WTS)","/","一、切片（N含HE片）：
N含空白玻片或HE片，暂停
N＞10张，合格需反馈
穿刺切片：
5张＜N＜8张，警戒
N≤5张，不合格
手术切片：
N≤2张，不合格
二、组织样本共用要求：LK291与LK340共用样本，其中一单暂停另一单需同时暂停","路径b[填充颜色:00B0F0]","≤10张","/"
"432","RSPM2025037","LK309","OncoScreen® Plus组织版","/","切片：
N＜1张，不合格","暂存等通知","≤10张","/"
"433","RSPM2025037","LK091","RNA提取","/","切片：
N＜1张，不合格","暂存等通知","≤10张","/"
"434","RSPM2025037","LK292","OncoCompass® Plus血浆版","/","/","暂存等通知","≤10张","/"
"435","RSPM2025056","LK340","捕获转录组测序(Capture-WTS)","/","一、切片：
N＞10张，合格需反馈
穿刺切片：
5张＜N＜8张，警戒
N≤5张，不合格
手术切片：
N≤2张，不合格
二、组织样本共用要求：LK521和LK340共用1张HE片；DNA和RNA需要双提","路径a[填充颜色:00B0F0]","≤10张","/"
"436","RSPM2025056","LK521","OncoScreen® WES","/","一、切片：
N＞10张，合格需反馈
穿刺切片：
5张＜N＜8张，警戒
N≤5张，不合格
手术切片：
N≤2张，不合格
二、组织样本共用要求：LK521和LK340共用1张HE片；DNA和RNA需要双提
三、全血：
N＞1管，不合格
M＜8ml，不合格","路径a[填充颜色:00B0F0]","切片：≤10张","/"
"437","RSPM2025056","LK522","朗微®-MRD","/","全血：
N＞1管，不合格
M＜8ml，不合格","路径a[填充颜色:00B0F0]","/","/"
"438","RSPM2025058","LK167","燃石朗清®血浆版","/","一、全血：
M＜6ml，不合格
二、温控要求：15℃~25℃","路径b[填充颜色:00B0F0]","/","/"
"439","RSPM2025058","LK170","燃石朗清®组织版","/","切片：
N＞10张，不合格
穿刺切片：
5张＜N＜8张，警戒
N≤5张，不合格
手术切片：
N≤2张，不合格","路径a[填充颜色:00B0F0]","≤10张","/"
"440","RSPM2025059","LK194","燃石朗清® Pro血浆版UMI","/","全血：
N＞1管，不合格
2ml＜M＜6ml，警戒
M≤2ml，不合格","路径b[填充颜色:00B0F0]","/","/"
"441","RSPM2025061","LK291","OncoScreen® Plus组织版","/","切片（N含HE片）：
N＞11张，合格需反馈
穿刺、内窥镜等非手术切除获得切片：
5张＜N＜8张，警戒
N≤5张，不合格
手术切片：
N≤2张，不合格","暂存等通知","≤11张","/"
"442","RSPM2025061","LK091","RNA提取","/","切片（N含HE片）：
N＞11张，合格需反馈
穿刺、内窥镜等非手术切除获得切片：
5张＜N＜8张，警戒
N≤5张，不合格
手术切片：
N≤2张，不合格","暂存等通知","≤11张","/"
"443","RSPM2025061","LK292","OncoCompass® Plus血浆版","/","白细胞：
X＜0.2ml","暂存等通知","/","/"
"444","RSPM2025062","LK167","燃石朗清®血浆版","/","一、全血：
M＜6ml，不合格
二、温控要求：常温","路径b[填充颜色:00B0F0]","/","/"
"445","RSPM2025063","LK118","燃石馥康®组织版","/","一、切片（N含HE片）：
N＞10张，合格需反馈
穿刺切片：
5张＜N＜8张，警戒
N≤5张，不合格
手术切片：
N≤2张，不合格
二、温控要求：10℃~30℃","路径a[填充颜色:00B0F0]","≤10张","/"
"446","RSPM2025063","LK206","燃石馥康®血浆版","/","一、全血：
2ml＜M＜6ml，警戒
M≤2ml，不合格
二、温控要求：10℃~30℃","路径a[填充颜色:00B0F0]","/","/"
"447","RSPM2025065","LK291","OncoScreen® Plus组织版","/","一、切片（N含HE片）：
N＞10张，合格需反馈
穿刺切片：
5张＜N＜8张，警戒
N≤5张，不合格
手术切片：
N≤2张，不合格
二、组织样本共用要求：LK291和LK361共用1张HE片，使用LK291的白片制备HE片（送检时间可能存在先后，将按照先送检的样本录单货号确认）","暂存等通知","≤10张","/"
"448","RSPM2025065","LK361","PD-L1(22c3)","/","一、切片：
N≠3张需反馈
二、组织样本共用要求：LK291和LK361共用1张HE片，使用LK291的白片制备HE片（送检时间可能存在先后，将按照先送检的样本录单货号确认）","暂存等通知","1张","/"
"449","RSPM2025067","LK106","燃石朗清® CDx血浆版","/","到样后反馈","暂存等通知","/","SSP未生效"
"450","RSKY2025028","LK340","捕获转录组测序(Capture-WTS)","/","/","路径b","/","/"
"451","RSKY2025029","LK521","OncoScreen® WES","/","/","路径a","/","/"
"452","RSKY2025029","LK522","朗微®-MRD","/","/","路径a","/","/"
"453","RSPM2025069","LK292","OncoCompass® Plus血浆版","/","/","暂存等通知","/","/"
"454","RSPM2025023","LK295","OncoScreen® Plus CDx组织版","/","一、切片：
N＞15张，合格需反馈
穿刺切片：
N＜8张，不合格
手术切片：
N≤2张，不合格
二、温控要求：10℃~30℃","暂存等通知","1、穿刺切片：≤15张
2、手术切片：≤10张","/"
"455","RSPS2025003","LK308","OncoScreen® Plus组织升级版","/","一、切片：
N＞20张，合格需反馈
穿刺切片：
10张＜N＜16张，警戒
N≤10张，不合格
手术切片：
N≤4张，不合格
二、新鲜组织/蜡块/冰冻组织：
三、温控要求：
切片、蜡块、新鲜组织：6℃~30℃
DNA、冰冻组织、全血：干冰","1、单例：路径a
2、批量送检：暂存等通知
3、无需病理评估","≤20张","/"
"456","RSPS2025003","LK291","OncoScreen® Plus组织版","/","温控要求：
DNA、全血、白细胞：干冰","1、单例：路径a
2、批量送检：暂存等通知","/","/"
"457","RSPL2025013","LK291","OncoScreen® Plus组织版","/","一、切片（N含HE片）：
N含空白玻片或HE片，反馈并暂停
N＞10张，无需反馈，合格全部流转
穿刺切片：
5张≤N＜8张，警戒
N＜5张，不合格
手术切片：
N≤2张，不合格
二、温控要求：
切片：10℃~30℃
DNA：干冰[部分文字颜色:FF0000]","暂存等通知","全部流转","/"
"458","RSPM2025057","LK308","OncoScreen® Plus组织升级版","/","一、切片（N含HE片）：
N含空白玻片或HE片，反馈并暂停
N＜10张，不合格
二、EDTA全血：
M＜0.2ml，不合格
N>1管，不合格
三、温控要求：
单例送检：10℃~30℃
批量送检DNA/细胞：-65℃~-90℃
批量送检切片：10℃~30℃","路径b[填充颜色:00B0F0]","切片：≥10张","/"
"459","RSPM2025057","LK090","gDNA提取","/","/","暂存等通知","/","/"
"460","RSPM2025057","LK092","cfDNA提取","/","/","暂存等通知","/","/"
"461","RSPL2025010","LK340","捕获转录组测序(Capture-WTS)","/","切片：
N＞10张，合格需反馈
N＜10张，不合格","暂存等通知","10张","/"
"462","RSPL2025010","LK090","gDNA提取","/","切片：
N＞10张，合格需反馈
N＜10张，不合格","暂存等通知","10张","/"
"463","RSPL2025010","LK050","病理评估","/","切片：
N＞10张，合格需反馈
N＜10张，不合格","暂存等通知","10张","/"
"464","RSPM2025060","LK165","燃石朗克®血浆版","/","全血：
N＞1管，不合格
2ml＜M＜6ml，警戒
M≤2ml，不合格","路径b[填充颜色:00B0F0]","/","/"
"465","RSPS2024008","LK190","燃石朗清® Pro CDx血浆版","/","/","暂存等通知","/","/"
"466","RSPS2024008","LK090","gDNA提取","/","白细胞DNA：仅暂存，不检测","暂存等通知","/","/"
"467","RSPS2025001","LK305","OncoScreen® ParpMatch Pro CDx组织版","由实验室贴M码","一、切片：
N含空白玻片或HE片，反馈并暂停
N＞20张，不合格，反馈后流转
N＜20张，不合格
二、样本上受试者筛选号（E-code）和样本标记信息（AccessionNo.）两者任一缺少，反馈并暂停
三、申请单审核如有以下情况，反馈并暂停：
（1）样本随附申请单非原件
（2）申请单预打印信息出现手动修改，包括有样本标记信息（AccessionNo.）、E-code码、研究编号、项目编号
（3）切片厚度未勾选或勾选其他并填写＜4μm
（4）申请单ConfirmSampleisFormalinFixedandParaffnEmbedded(FFPE)选择Yes时，Fixativeused非Formalin，
（5）患者年龄＜18岁[部分文字颜色:FF0000]","路径a[填充颜色:00B0F0]","20张","/"
"468","RSPM2025074","LK308","OncoScreen® Plus组织升级版","/","切片：
N＞10张，合格需反馈
穿刺切片：
5张＜N＜8张，警戒
N≤5张，不合格
手术切片：
N≤2张，不合格","暂存等通知","≤10张","/"
"469","RSPM2025074","LK292","OncoCompass® Plus血浆版","/","全血：
2ml＜M＜6ml，警戒
M≤2ml，不合格","路径b[填充颜色:00B0F0]","/","/"
"470","RSPS2019007","LK165","燃石朗克®血浆版","/","/","路径a","/","无SSP"
"471","RSPS2019007","LK292","OncoCompass® Plus血浆版","/","/","路径a","/","无SSP"
"472","RSPS2019007","LK291","OncoScreen® Plus组织版","/","/","路径b[填充颜色:00B0F0]","/","无SSP"
"473","RSPL2021002","LK291","OncoScreen® Plus组织版","/","/","路径a","/","/"
"474","RSPL2021002","LK292","OncoCompass® Plus血浆版","/","/","路径a","/","/"
"475","RSPL2021002","LK170","燃石朗清®组织版","/","/","路径a","/","/"
"476","RSPL2021002","LK167","燃石朗清®血浆版","/","/","路径a","/","/"
"477","RSPL2021002","LK521","OncoScreen® WES","/","/","路径a","/","/"
"478","RSPL2021002","LK522","朗微®-MRD","/","/","路径a","/","/"
"479","RSPL2021002","LK101","燃石朗克®组织版","/","/","路径a","/","/"
"480","RSPL2021002","LK176","燃石朗清®血浆版UMI","/","/","路径a","/","/"
"481","RSPL2023004","LK290","OncoScreen® Plus遗传版","/","/","路径b[填充颜色:00B0F0]","/","无SSP"
"482","RSPL2023005","LK523","OncoScreen® WES","/","/","路径b[填充颜色:00B0F0]","/","无SSP"
"483","RSPL2023005","LK335","全转录组测序(WTS)","/","/","路径b[填充颜色:00B0F0]","/","无SSP"
"484","RSPL2023006","LK513","myChoice HRD Plus","/","/","暂存等通知","/","/"
"485","RSPL2023006","LK298","OncoScreen® Plus CDx组织定制版","/","/","暂存等通知","/","/"
"486","RSPL2024002","LK206","燃石馥康®血浆版","/","按临建要求","路径a","/","无SSP"
"487","RSPL2024005","LK521","OncoScreen® WES","/","出报告","路径a","/","无SSP"
"488","RSPL2024005","LK340","捕获转录组测序(Capture-WTS)","/","不出报告","路径a","/","无SSP"
"489","RSPL2024006","LK290","OncoScreen® Plus遗传版","/","/","路径b","/","无SSP"
"490","RSPL2024007","LK306","OncoCompass® Plus血浆版UMI","/","/","路径a","/","AZRSPS2022005压力测试项目"
"491","RSPL2024008","LK292","OncoCompass® Plus血浆版","/","/","路径a","/","/"
"492","RSPL2024009","LK309","OncoScreen® Plus组织版","/","/","暂存等通知","/","/"
"493","RSPL2024010","LK305","OncoScreen® ParpMatch Pro CDx组织版","/","/","路径a","/","AZRSPS2023006压力测试项目"
"494","RSPL2024010","LK298","OncoScreen® Plus CDx组织定制版","/","/","路径a","/","AZRSPS2023006压力测试项目"
"495","RSPL2024011","LK361","PD-L1(22c3)","/","/","路径a","/","/"
"496","RSPL2025001","LK291","OncoScreen® Plus组织版","/","/","暂存等通知","/","/"
"497","RSPL2025001","LK340","捕获转录组测序(Capture-WTS)","/","/","暂存等通知","/","/"
"498","RSPL2025002","/","#N/A","/","仅负责样本从美办进口和国内样本转寄，不进行检测","暂存等通知","/","/"
"499","RSPL2025003","LK521","OncoScreen® WES","/","/","暂存等通知","/","/"
"500","RSPL2025003","LK522","朗微®-MRD","/","/","暂存等通知","/","/"
"501","RSPL2025003","LK534","燃卫宁® DNA","/","/","暂存等通知","/","/"
"502","RSPL2025003","LK533","燃卫宁® RNA","/","/","暂存等通知","/","/"
"503","RSPL2025003","LK167","燃石朗清®血浆版","/","/","暂存等通知","/","/"
"504","RSPL2025003","LK292","OncoCompass® Plus血浆版","/","/","暂存等通知","/","/"
"505","RSPL2025003","LK291","OncoScreen® Plus组织版","/","/","暂存等通知","/","/"
"506","RSPL2025003","LK207","燃石馥康®遗传版","/","/","暂存等通知","/","/"
"507","RSPL2025003","LK131","燃石优健®遗传版","/","/","暂存等通知","/","/"
"508","RSPL2025003","LK170","燃石朗清®组织版","/","/","暂存等通知","/","/"
"509","RSPL2025003","LK183","燃小安®","/","/","暂存等通知","/","/"
"510","RSPL2025003","LK361","PD-L1(22c3)","/","/","暂存等通知","/","/"
"511","RSPL2025007","LK196","燃石朗清® Pro血浆版UMI","/","/","路径b","/","/"
"512","RSPL2025012","LK308","OncoScreen® Plus组织升级版","/","到样后反馈","暂存等通知","/","/"
"513","RSPL2025012","LK090","gDNA提取","/","到样后反馈","暂存等通知","/","/"
"514","RSPL2025014","LK305","OncoScreen® ParpMatch Pro CDx组织版","/","/","路径a","/","AZRSPS2025001压力测试项目"
"515","RSCD2020002","LK187","泛癌甲基化组织版","/","/","暂存等通知","/","/"
"516","RSCD2020004","LK187","泛癌甲基化组织版","/","/","暂存等通知","/","/"
"517","RSCD2020006","LK187","泛癌甲基化组织版","/","/","暂存等通知","/","/"
"518","RSCD2021004","LK187","泛癌甲基化组织版","/","/","暂存等通知","/","/"
"519","RSCD2021004","LK291","OncoScreen® Plus组织版","/","/","暂存等通知","/","/"
"520","RSCD2021005","LK187","泛癌甲基化组织版","/","/","暂存等通知","/","/"
"521","RSCD2021008","LK291","OncoScreen® Plus组织版","/","/","暂存等通知","/","/"
"522","RSCD2021008","LK187","泛癌甲基化组织版","/","/","暂存等通知","/","/"
"523","RSCD2021009","LK187","泛癌甲基化组织版","/","/","暂存等通知","/","/"
"524","RSCD2021013","LK187","泛癌甲基化组织版","/","/","暂存等通知","/","/"
"525","RSCD2021013","LK291","OncoScreen® Plus组织版","/","/","暂存等通知","/","/"
"526","RSCD2021014","LK291","OncoScreen® Plus组织版","/","/","暂存等通知","/","/"
"527","RSCD2021017","LK187","泛癌甲基化组织版","/","/","暂存等通知","/","/"
"528","RSCD2021018","LK291","OncoScreen® Plus组织版","/","/","暂存等通知","/","/"
"529","RSCD2021021","LK187","泛癌甲基化组织版","/","/","暂存等通知","/","/"
"530","RSCD2021022","LK187","泛癌甲基化组织版","/","/","暂存等通知","/","/"
"531","RSCD2021023","LK187","泛癌甲基化组织版","/","/","暂存等通知","/","/"
"532","RSCD2022001","LK187","泛癌甲基化组织版","/","/","暂存等通知","/","/"
"533","RSCD2022005","LK187","泛癌甲基化组织版","/","/","暂存等通知","/","/"
"534","RSCD2022006","LK183","燃小安®","/","不卡控知情","/","/","/"
"535","RSCD2022007","LK187","泛癌甲基化组织版","/","/","暂存等通知","/","/"
"536","RSCD2022008","LK187","泛癌甲基化组织版","/","/","暂存等通知","/","/"
"537","RSCD2022010","LK187","泛癌甲基化组织版","/","/","暂存等通知","/","/"
"538","RSCD2022012","LK291","OncoScreen® Plus组织版","/","/","暂存等通知","/","/"
"539","RSCD2022013","LK291","OncoScreen® Plus组织版","/","/","暂存等通知","/","/"
"540","RSCD2023002","LK183","燃小安®","/","不卡控知情","/","/","/"
"541","RSKY2021004","LK170","燃石朗清®组织版","/","/","/","/","/"
"542","RSKY2021004","LK167","燃石朗清®血浆版","/","/","1、基线：路径a；
2、随访：路径b","/","/"
"543","RSKY2022021","LK170","燃石朗清®组织版","/","/","路径a","/","/"
"544","RSKY2022021","LK291","OncoScreen® Plus组织版","/","/","路径a","/","/"
"545","RSKY2022021","LK167","燃石朗清®血浆版","/","/","1、出报告：路径a
2、不出报告：路径b","/","/"
"546","RSKY2022023","LK522","朗微®-MRD","/","不卡控知情","/","/","/"
"547","RSKY2023056","LK521","OncoScreen® WES","/","/","暂存等通知","/","/"
"548","RSPM2025072","LK309","OncoScreen® Plus组织版","/","切片（N含HE片）：
N＞10张，合格需反馈
穿刺切片：
5张＜N＜8张，警戒
N≤5张，不合格
手术切片：
N≤2张，不合格","路径a[填充颜色:00B0F0]","≤10张","/"
"549","RSPM2025072","LK292","OncoCompass® Plus血浆版","/","全血：
N＞1管，不合格
2ml＜M＜6ml，警戒
M≤2ml，不合格","路径b[填充颜色:00B0F0]","1管","/"
"550","RSPM2025073","LK311","OncoCompass® Plus血浆版","/","全血：
2ml＜M＜6ml，警戒
M≤2ml，不合格","路径a[填充颜色:00B0F0]","/","/"
"551","RSPM2025045","LK205","燃石利清®组织版","/","一、切片：
N＞10张，合格需反馈
穿刺切片：
5张＜N＜8张，警戒
N≤5张，不合格
手术切片：
N≤2张，不合格
二、温控要求：0℃~30℃","暂存等通知","≤10张","/"
"552","RSKY2023067","LK361","PD-L1(22c3)","/","/","暂存等通知","/","/"
"553","RSKY2024028","LK521","OncoScreen® WES","/","/","/","/","/"
"554","RSKY2024028","LK522","朗微®-MRD","/","肺泡灌洗液：系统按血浆录入","1、肺泡灌洗液：路径a
2、血浆：路径b","/","/"
"555","RSKY2024034","LK521","OncoScreen® WES","/","预留2张切片保存","路径b","/","/"
"556","RSKY2024034","LK522","朗微®-MRD","/","/","路径b","/","/"
"557","RSKY2025022","LK521","OncoScreen® WES","/","不卡控知情","/","/","/"
"558","RSKY2025022","LK522","朗微®-MRD","/","不卡控知情","1、基线：路径b；
2、其余：路径a；","/","/"
"559","RSTL2020029","LK291","OncoScreen® Plus组织版","/","/","1、基线：路径a；
2、随访：路径b；
3、其余：路径b","/","/"
"560","RSTL2021021","LK521","OncoScreen® WES","/","不卡控知情","/","/","/"
"561","RSTL2021021","LK522","朗微®-MRD","/","不卡控知情","/","/","/"
"562","RSTL2021021","LK183","燃小安®","/","不卡控知情","路径b[填充颜色:00B0F0]","/","/"
"563","RSTL2021021","LK187","泛癌甲基化组织版","/","不卡控知情","路径b[填充颜色:00B0F0]","/","/"
"564","RSTL2022004","LK522","朗微®-MRD","/","不卡控知情","/","/","/"
"565","RSTL2022005","LK337","全基因组测序(WGS)血浆版","/","脑脊液：系统按血浆录入","路径b","/","/"
"566","RSTL2022005","LK291","OncoScreen® Plus组织版","/","/","路径b[填充颜色:00B0F0]","/","/"
"567","RSTL2022005","LK521","OncoScreen® WES","/","/","路径b[填充颜色:00B0F0]","/","/"
"568","RSTL2022005","LK522","朗微®-MRD","/","/","路径b[填充颜色:00B0F0]","/","/"
"569","RSTL2022013","LK521","OncoScreen® WES","/","不卡控知情","/","/","/"
"570","RSTL2022013","LK522","朗微®-MRD","/","不卡控知情","/","/","/"
"571","RSPM2025075","LK524","OncoScreen® WES定制版","/","一、切片（N含HE片）：
N＞10张，合格需反馈（按要求流转9张切片+1张HE片）
N＜2张，不合格
二、白细胞：
M＜0.2ml，不合格","暂存等通知","切片：≤10张","/"
"572","RSPM2025075","LK091","RNA提取","/","切片（N含HE片）：
N＞10张需反馈（按要求流转9张切片+1张HE片）
N＜2张，不合格","暂存等通知","≤10张","/"
"573","RSPM2025076","LK196","燃石朗清® Pro血浆版UMI","/","温控要求：15℃~25℃","路径b[填充颜色:00B0F0]","/","/"
"574","RSPS2025004","LK190","燃石朗清® Pro CDx血浆版","/","到样后反馈","暂存等通知","/","SSP未生效"
"575","RSPS2025005","LK308","OncoScreen® Plus组织升级版","/","一、切片：
N＞20张，不合格
穿刺切片：
10张＜N＜16张，警戒
N≤10张，不合格
手术切片：
N≤4张，不合格
二、冰冻组织
三、温控要求：
切片：15℃~25℃
冰冻组织：干冰","1、路径a
2、全部流转核酸提取，不做病理评估","切片：≤20张","/"
"576","RSPL2025015","LK090","gDNA提取","/","/","暂存等通知","/","/"
"577","RSPL2025015","LK091","RNA提取","/","/","暂存等通知","/","/"
"578","RSPL2025016","LK311","OncoCompass® Plus血浆版","/","/","路径a","/","/"
"579","RSPM2025040","LK550","OverC® Monitor-01","/","到样后反馈","暂存等通知","/","SSP未生效"
"580","RSPM2025040","LK521","OncoScreen® WES","/","到样后反馈","暂存等通知","/","SSP未生效"
"581","RSPM2025040","LK522","朗微®-MRD","/","到样后反馈","暂存等通知","/","SSP未生效"
"582","RSPM2025066","/","#N/A","/","仅进行项目资料、原始数据、剩余样本保存，不进行检测","暂存等通知","/","/"
"583","RSPM2025070","LK196","燃石朗清® Pro血浆版UMI","/","血浆：
N＞1管，不合格","暂存等通知","/","/"
"584","RSPM2025077","LK528","OncoScreen® WES遗传版","/","一、EDTA全血：
N＞1管，不合格
M＜0.2ml，不合格
二、申请单上家族史如无填写，无需反馈","路径a[填充颜色:00B0F0]","/","/"
"585","RSPM2025078","LK292","OncoCompass® Plus血浆版","/","到样后反馈","暂存等通知","/","SSP未生效"
"586","RSPM2025079","LK262","燃石朗克® CDx组织版","/","一、切片（N含HE片）：
N＞10张，合格需反馈
穿刺切片：
N≤5张，不合格
手术切片：
N＜3张，不合格
二、温控要求：10℃~30℃","1、路径a
2、按快速检测[填充颜色:00B0F0]","≤10张","/"
"587","RSPM2025079","LK170","燃石朗清®组织版","/","一、切片（N含HE片）：
N＞10张，合格需反馈
穿刺切片：
N≤5张，不合格
手术切片：
N＜3张，不合格
二、温控要求：10℃~30℃","暂存等通知","≤10张","/"
"588","RSPM2025079","LK167","燃石朗清®血浆版","/","全血：
2ml＜M＜6ml，警戒
M≤2ml，不合格","路径b[填充颜色:00B0F0]","/","/"
"589","RSPM2025080","LK291","OncoScreen® Plus组织版","/","一、切片：
N＞10张，不合格
穿刺切片：
5张＜N＜8张，警戒
N≤5张，不合格
手术切片：
N≤2张，不合格
二、温控要求：10℃~30℃","1、预筛选期：路径a
2、其他访视节点：暂存等通知","≤10张","/"
"590","RSPM2025080","LK194","燃石朗清® Pro血浆版UMI","/","一、全血：
2ml＜M＜6ml，警戒
M≤2ml，不合格
二、温控要求：10℃~30℃","1、预筛选期：路径a
2、其他访视节点：路径b","/","/"
"591","RSPM2025082","LK291","OncoScreen® Plus组织版","/","到样后反馈","暂存等通知","/","SSP未生效"
"592","RSPM2025082","LK292","OncoCompass® Plus血浆版","/","到样后反馈","暂存等通知","/","SSP未生效"
"593","RSPM2025082","LK101","燃石朗克®组织版","/","到样后反馈","暂存等通知","/","SSP未生效"
"594","RSPM2025083","LK291","OncoScreen® Plus组织版","由实验室贴M码","切片（N含HE片）：
N＞10张，合格需反馈
穿刺切片：
5张＜N＜8张，警戒
N≤5张，不合格
手术切片：
N≤2张，不合格","路径b[填充颜色:00B0F0]","≤10张","/"
"595","RSPM2025083","LK292","OncoCompass® Plus血浆版","由实验室贴M码","全血：
2ml＜M＜6ml，警戒
M≤2ml，不合格","路径b[填充颜色:00B0F0]","/","/"
"596","RSPM2025086","LK291","OncoScreen® Plus组织版","由实验室贴M码","切片（N含HE片）：
N＞10张，合格需反馈
穿刺切片：
5张＜N＜8张，警戒
N≤5张，不合格
手术切片：
N≤2张，不合格","路径b[填充颜色:00B0F0]","≤10张","/"
"597","RSPM2025086","LK292","OncoCompass® Plus血浆版","由实验室贴M码","全血：
2ml＜M＜6ml，警戒
M≤2ml，不合格","路径b[填充颜色:00B0F0]","/","/"
"598","RSPM2025087","LK340","捕获转录组测序(Capture-WTS)","/","一、全血：
M＜2.5ml，不合格
二、温控要求：
批量送检：-60℃~-80℃
单例送检：15℃~25℃
三、暂存要求：
批量送检：-65℃~-90℃
单例送检：离体时间≤3天室温暂存，离体时间>3天先暂存至-20℃冰箱1天后转移至-65℃~-90℃","1、批量送检：暂存等通知
2、单例送检：路径b","/","/"
"599","RSKY2019035","LK167","燃石朗清®血浆版","/","/","路径a","/","/"
"600","RSKY2019035","LK170","燃石朗清®组织版","/","/","路径a","/","/"
"601","RSKY2023032","LK204","燃石利清®血浆版","/","/","路径a","/","/"
"602","RSKY2023032","LK205","燃石利清®组织版","/","/","路径a","/","/"
"603","RSKY2023034","LK521","OncoScreen® WES","/","/","暂存等通知","/","/"
"604","RSKY2023034","LK522","朗微®-MRD","/","/","路径a","/","/"
"605","RSKY2023034","LK335","全转录组测序(WTS)","/","/","路径a","/","/"
"606","RSKY2025035","LK291","OncoScreen® Plus组织版","/","/","路径b[填充颜色:00B0F0]","/","/"
"607","RSKY2025035","LK293","OncoCompass® Plus血浆版","/","/","路径b[填充颜色:00B0F0]","/","/"
"608","RSKY2025036","LK291","OncoScreen® Plus组织版","/","/","路径a","/","/"
"609","RSKY2025036","LK526","朗微® LITE-MRD","/","/","路径a","/","/"
"610","RSKY2025037","LK521","OncoScreen® WES","/","/","路径a","/","/"
"611","RSKY2025037","LK522","朗微®-MRD","/","/","路径a","/","/"
"612","RSKY2025037","LK361","PD-L1(22c3)","/","/","路径a","/","/"
"613","RSKY2025038","LK291","OncoScreen® Plus组织版","/","/","路径a","/","/"
"614","RSKY2025039","LK340","捕获转录组测序(Capture-WTS)","/","/","路径b[填充颜色:00B0F0]","/","/"
"615","RSKY2025040","LK291","OncoScreen® Plus组织版","/","/","路径b[填充颜色:00B0F0]","/","/"
"616","RSKY2025041","LK167","燃石朗清®血浆版","/","/","路径a[填充颜色:00B0F0]","/","/"
"617","RSPM2024068","LK292","OncoCompass® Plus血浆版","1、由实验室贴M码
2、申请单研究编号为BG-T187-101","一、全血：
不合格全血，不流转分离
N＞1管，不合格
M＞10ml，不合格
M＜6ml，不合格
采血管无任何标记，不合格
T＞7d，不合格
二、申请单审核如有以下情况，反馈并暂停：
1、申请单预打印信息出现手动修改，包括样本标记信息（AccessionNo.）、研究编号、中心编号、出生日期
2、样本随附申请单非原件
3、访视节点不是PRESCREENCTDNABR或PRESCREEN
4、其他病理亚型不是非小细胞肺癌
5、是否出具报告：否
6、访视节点为PRESCREEN，“是否有对照”录入“是”或测序深度非10000X
7、访视节点非PRESCREEN，“是否有对照”录入“否”或测序深度非5000X
三、温控要求：
全血：15℃~25℃[部分文字颜色:FF0000][部分文字颜色:FF0000][部分文字颜色:FF0000]","1、前瞻性全血：路径a
2、回顾性血浆&白细胞：暂存等通知","/","审核时流转小程序检查内容：①系统中心编号与医院名称信息是否匹配；②“访视节点“、“是否有对照”和“测序深度”之间的对应关系。"
"618","RSPM2025090","LK306","OncoCompass® Plus血浆版UMI","/","到样后反馈","暂存等通知","/","SSP未生效"
"619","RSKY2025042","LK521","OncoScreen® WES","/","/","路径a","/","/"
"620","RSKY2025042","LK522","朗微®-MRD","/","/","路径a","/","/"
"621","RSKY2025018","LK291","OncoScreen® Plus组织版","/","/","路径a","/","/"
"622","RSKY2025018","LK522","朗微®-MRD","/","/","路径a","/","/"
"623","RSKY2025018","LK361","PD-L1(22c3)","/","/","路径a","/","/"
"624","RSPM2025029","LK340","捕获转录组测序(Capture-WTS)","/","到样后反馈","暂存等通知","/","/"
"625","RSPM2025029","LK527","OncoScreen® WES","/","到样后反馈","暂存等通知","/","/"
"626","RSPM2025081","LK291","OncoScreen® Plus组织版","/","一、切片：
N＞10张，合格需反馈
穿刺切片：
5张＜N＜8张，警戒
N≤5张，不合格
手术切片：
N≤2张，不合格
二、全血：
M＜0.2ml/管，不合格
三、温控要求：
切片：0℃~30℃
全血：≤-60℃","暂存等通知","≤10张","/"
"627","RSPM2025088","LK291","OncoScreen® Plus组织版","/","一、切片：
N＞10张，合格需反馈
穿刺切片：
5张＜N＜8张，警戒
N≤5张，不合格
手术切片：
N≤2张，不合格
二、组织样本共用要求：LK291与LK340共用1张HE片，双提
三、EDTA全血：
M＜0.2ml/管，不合格
四、温控要求：
切片：0℃~30℃
全血：≤-20℃或≤-60℃","1、切片：路径b
2、外送白细胞：暂存等通知","切片：≤10张","/"
"628","RSPM2025088","LK340","捕获转录组测序(Capture-WTS)","/","一、切片：
N＞10张，合格需反馈
穿刺切片：
5张＜N＜8张，警戒
N≤5张，不合格
手术切片：
N≤2张，不合格
二、组织样本共用要求：LK291与LK340共用1张HE片，双提
三、温控要求：0℃~30℃","路径b[填充颜色:00B0F0]","≤10张","/"
"629","RSPM2025088","LK292","OncoCompass® Plus血浆版","/","一、全血（Streck管）：
2ml/管＜M＜6ml/管，警戒
M≤2ml/管，不合格
二、温控要求：15℃~25℃","路径b[填充颜色:00B0F0]","/","/"
"630","RSPM2025091","LK291","OncoScreen® Plus组织版","/","一、切片：
N＞10张，合格需反馈
穿刺切片：
5张＜N＜8张，警戒
N≤5张，不合格
手术切片：
N≤2张，不合格
二、全血：
N＞1管，不合格
2ml/管＜M＜6ml/管，警戒
M≤2ml/管，不合格","暂存等通知","≤10张","/"
"631","RSPM2025091","LK292","OncoCompass® Plus血浆版","/","一、全血：
N＞1管，不合格
2ml/管＜M＜6ml/管，警戒
M≤2ml/管，不合格
二、温控要求：10℃~30℃","路径b[填充颜色:00B0F0]","/","/"
"632","RSPM2025091","LK046","ATM","/","切片：
N＞3张，不合格
N=1张，不合格","暂存等通知","≤3张","/"
"633","RSPM2025096","LK196","燃石朗清® Pro血浆版UMI","/","到样后反馈","暂存等通知","/","SSP未生效"
"634","RSKY2025043","LK183","燃小安®","/","/","路径b","/","/"
"635","RSKY2025044","LK522","朗微®-MRD","/","/","路径a","/","/"
"636","RSPS2022011","LK262","燃石朗克® CDx组织版","/","切片：
N含空白玻片或HE片，反馈并暂停
穿刺切片：
N＞10张，合格需反馈
N＜5张，不合格
手术切片：
N＞3张，合格需反馈
N＜2张，不合格","暂存等通知","1、穿刺样本：≤10张
2、手术样本：≤3张","/"
"637","RSPS2022011","LK106","燃石朗清® CDx血浆版","/","血浆温控要求：-20℃~-100℃","暂存等通知","/","/"
"638","RSPM2025084","LK030","KRAS","/","切片：
穿刺切片：
N≥8张，合格需反馈
N＜8张，不合格
手术切片：
N≥5张，合格需反馈
N＜5张，不合格","路径a[填充颜色:00B0F0]","1、穿刺样本：8张
2、手术样本：5张","/"
"639","RSPM2025047","LK528","OncoScreen® WES遗传版","/","全血：
M＜0.2ml，不合格","暂存等通知","/","/"
"640","RSPS2025006","LK263","燃石朗克® CDx组织定制版","/","到样后反馈","暂存等通知","/","SSP未生效"
"641","RSPL2025019","LK291","OncoScreen® Plus组织版","/","/","路径a","/","/"
"642","RSPL2025019","LK194","燃石朗清® Pro血浆版UMI","/","/","路径a","/","/"
"643","RSPM2025071","LK196","燃石朗清® Pro血浆版UMI","/","到样后反馈","暂存等通知","1管","/"
"644","RSPM2025093","LK291","OncoScreen® Plus组织版","/","一、切片（N含HE片）
N＞10张，合格需反馈
穿刺/其他切片：
5张≤N＜8张，警戒
N＜5张，不合格
手术切片：
N≤2张，不合格
二、组织样本共用要求：LK291与LK340共用样本，其中一单暂停，另一单同时暂停
三、温控要求：0℃~30℃","路径b[填充颜色:00B0F0]","≤10张","/"
"645","RSPM2025093","LK292","OncoCompass® Plus血浆版","/","全血：
温控要求：15℃~25℃","路径b[填充颜色:00B0F0]","/","/"
"646","RSPM2025093","LK340","捕获转录组测序(Capture-WTS)","/","一、切片（N含HE片）
N＞10张，合格需反馈
穿刺/其他切片：
5张≤N＜8张，警戒
N＜5张，不合格
手术切片：
N≤2张，不合格
二、组织样本共用要求：LK291与LK340共用样本，其中一单暂停，另一单同时暂停
三、温控要求：0℃~30℃","路径b[填充颜色:00B0F0]","≤10张","/"
"647","RSPM2025094","LK309","OncoScreen® Plus组织版","/","一、切片（N含HE片）：
N含空白玻片或HE片，反馈并暂停
N＞10张，无需反馈，合格全部流转
穿刺切片：
5张＜N＜8张，警戒
N≤5张，不合格
手术切片：
N≤2张，不合格
二、蜡块[部分文字颜色:FF0000][部分文字颜色:FF0000][部分文字颜色:FF0000][部分文字颜色:FF0000][部分文字颜色:FF0000]","路径a[填充颜色:00B0F0]","全部流转","/"
"648","RSPM2025095","LK291","OncoScreen® Plus组织版","1、由实验室贴M码
2、LK291与LK340共用样本，贴2个M码","一、切片（N含HE片）
N＞10张，合格需反馈
穿刺切片：
5张≤N＜8张，警戒
N＜5张，不合格
手术切片：
N≤2张，不合格
二、组织样本共用要求：LK291与LK340共用样本，其中一单暂停，另一单同时暂停
三、温控要求：0℃~30℃","暂存等通知","≤10张","/"
"649","RSPM2025095","LK340","捕获转录组测序(Capture-WTS)","1、由实验室贴M码
2、LK291与LK340共用样本，贴2个M码","一、切片（N含HE片）
N＞10张，合格需反馈
穿刺切片：
5张≤N＜8张，警戒
N＜5张，不合格
手术切片：
N≤2张，不合格
二、组织样本共用要求：LK291与LK340共用样本，其中一单暂停，另一单同时暂停
三、温控要求：0℃~30℃","暂存等通知","≤10张","/"
"650","RSPM2025095","LK292","OncoCompass® Plus血浆版","由实验室贴M码","一、全血
2ml＜M＜6ml，警戒
M≤2ml，不合格
二、温控要求：15℃~25℃","路径b[填充颜色:00B0F0]","/","/"
"651","RSPM2025098","LK118","燃石馥康®组织版","/","一、切片（N含HE片）：
N＞14张，合格需反馈
穿刺切片：
N≤5张，不合格
手术切片：
N≤2张，不合格
二、组织样本共用要求：
LK118和LK361共用1张HE片，使用LK118的白片制备HE片
三、温控要求：0℃~30℃","路径a[填充颜色:00B0F0]","1、穿刺样本：6张
2、手术样本：3张","/"
"652","RSPM2025098","LK361","PD-L1(22c3)","/","一、切片：
N≠1张，不合格
二、组织样本共用要求：
LK118和LK361共用1张HE片，使用LK118的白片制备HE片
三、温控要求：0℃~30℃","路径a[填充颜色:00B0F0]","1张","/"
"653","RSPM2025102","LK527","OncoScreen® WES","/","一、切片（N含HE片）：
N＞10张，合格需反馈
穿刺切片：
5张＜N＜8张，警戒
N≤5张，不合格
手术切片：
N≤2张，不合格
二、组织样本共用要求：LK527与LK091共用样本","暂存等通知","≤10张","/"
"654","RSPM2025102","LK091","RNA提取","/","一、切片（N含HE片）：
N＞10张，合格需反馈
穿刺切片：
5张＜N＜8张，警戒
N≤5张，不合格
手术切片：
N≤2张，不合格
二、组织样本共用要求：LK527与LK091共用样本","暂存等通知","≤10张","/"
"655","RSPM2025102","LK292","OncoCompass® Plus血浆版","/","/","暂存等通知","/","/"
"656","RSPM2025104","LK291","OncoScreen® Plus组织版","1、由实验室贴M码
2、LK291与LK340共用样本，贴2个M码","一、切片（N含HE片）
N含空白玻片或HE片，反馈并暂停
N＞15张，合格需反馈
穿刺切片：
5张＜N＜8张，警戒
N≤5张，不合格
手术切片：
N≤2张，不合格
二、组织样本共用要求：LK291与LK340共用样本，其中一单暂停，另一单同时暂停
三、温控要求：0℃~30℃","暂存等通知","≤10张","/"
"657","RSPM2025104","LK340","捕获转录组测序(Capture-WTS)","1、由实验室贴M码
2、LK291与LK340共用样本，贴2个M码","一、切片（N含HE片）
N含空白玻片或HE片，反馈并暂停
N＞15张，合格需反馈
穿刺切片：
5张＜N＜8张，警戒
N≤5张，不合格
手术切片：
N≤2张，不合格
二、组织样本共用要求：LK291与LK340共用样本，其中一单暂停，另一单同时暂停
三、温控要求：0℃~30℃","暂存等通知","≤10张","/"
"658","RSPM2025104","LK292","OncoCompass® Plus血浆版","由实验室贴M码","温控要求：15℃~25℃","暂存等通知","/","/"
"659","RSPM2025105","LK170","燃石朗清®组织版","/","切片（N含HE片）：
N＞10张，合格需反馈
穿刺切片：
5张≤N＜8张，警戒
N＜5张，不合格
手术切片：
N≤2张，不合格","路径a[填充颜色:00B0F0]","≤10张","/"
"660","RSPM2025105","LK194","燃石朗清® Pro血浆版UMI","/","全血：
2ml＜M＜6ml，警戒
M≤2ml，不合格","路径a[填充颜色:00B0F0]","/","/"
"661","RSPM2025107","LK292","OncoCompass® Plus血浆版","/","一、全血
二、温控要求：15℃~25℃","路径b[填充颜色:00B0F0]","/","/"
"662","RSPM2025108","LK167","燃石朗清®血浆版","/","到样后反馈","暂存等通知","/","SSP未生效"
"663","RSKY2025045","LK521","OncoScreen® WES","/","/","路径b","/","/"
"664","RSKY2025045","LK522","朗微®-MRD","/","/","路径b","/","/"
"665","RSKY2025047","LK170","燃石朗清®组织版","/","/","路径a","/","/"
"666","RSPM2022037","LK167","燃石朗清®血浆版","/","到样后反馈","暂存等通知","/","SSP未生效"
"667","RSPM2022037","LK101","燃石朗克®组织版","/","到样后反馈","暂存等通知","/","SSP未生效"
"668","RSPM2022038","LK291","OncoScreen® Plus组织版","/","到样后反馈","暂存等通知","/","SSP未生效"
"669","RSPM2023007","LK521","OncoScreen® WES","/","到样后反馈","暂存等通知","/","SSP未生效"
"670","RSPM2023007","LK335","全转录组测序(WTS)","/","到样后反馈","暂存等通知","/","SSP未生效"
"671","RSPM2023013","LK291","OncoScreen® Plus组织版","/","到样后反馈","暂存等通知","/","SSP未生效"
"672","RSPM2023013","LK046","ATM","/","到样后反馈","暂存等通知","/","SSP未生效"
"673","RSPM2023013","LK047","ARID1A","/","到样后反馈","暂存等通知","/","SSP未生效"
"674","RSPM2023014","LK291","OncoScreen® Plus组织版","/","到样后反馈","暂存等通知","/","SSP未生效"
"675","RSPM2023014","LK292","OncoCompass® Plus血浆版","/","到样后反馈","暂存等通知","/","SSP未生效"
"676","RSPM2023015","LK167","燃石朗清®血浆版","/","到样后反馈","暂存等通知","/","SSP未生效"
"677","RSPM2023023","LK291","OncoScreen® Plus组织版","/","到样后反馈","暂存等通知","/","SSP未生效"
"678","RSPM2023023","LK292","OncoCompass® Plus血浆版","/","到样后反馈","暂存等通知","/","SSP未生效"
"679","RSPM2023027","LK041","MAP-BR定制版","/","到样后反馈","暂存等通知","/","SSP未生效"
"680","RSPM2023036","LK291","OncoScreen® Plus组织版","/","到样后反馈","暂存等通知","/","SSP未生效"
"681","RSPM2023044","LK291","OncoScreen® Plus组织版","/","到样后反馈","暂存等通知","/","SSP未生效"
"682","RSPM2023044","LK292","OncoCompass® Plus血浆版","/","到样后反馈","暂存等通知","/","SSP未生效"
"683","RSPM2023044","LK524","OncoScreen® WES定制版","/","到样后反馈","暂存等通知","/","SSP未生效"
"684","RSPM2023044","LK525","OncoScreen® WES定制版","/","到样后反馈","暂存等通知","/","SSP未生效"
"685","RSPM2023059","LK292","OncoCompass® Plus血浆版","/","到样后反馈","暂存等通知","/","SSP未生效"
"686","RSPM2024005","LK262","燃石朗克® CDx组织版","/","到样后反馈","暂存等通知","/","SSP未生效"
"687","RSPM2024005","LK106","燃石朗清® CDx血浆版","/","到样后反馈","暂存等通知","/","SSP未生效"
"688","RSPM2024012","LK524","OncoScreen® WES定制版","/","到样后反馈","暂存等通知","/","SSP未生效"
"689","RSPM2024020","LK340","捕获转录组测序(Capture-WTS)","/","到样后反馈","暂存等通知","/","SSP未生效"
"690","RSPM2024054","LK294","OncoScreen® Plus CDx组织版","申请单研究编号为D516KC00001","一、切片：
N＞7张，合格需反馈
N≤2张，不合格
二、样本如有以下情况，反馈并暂停：
样本上受试者筛选号（E-code）和样本标记信息（AccessionNo.）两者任一缺少","暂存等通知","≤7张","/"
"691","RSPM2024054","LK197","燃石朗清®血浆版","申请单研究编号为D516KC00001","样本如有以下情况，反馈并暂停：
样本上受试者筛选号（E-code）和样本标记信息（AccessionNo.）两者任一缺少","暂存等通知","/","/"
"692","RSPM2024060","LK292","OncoCompass® Plus血浆版","/","到样后反馈","暂存等通知","/","SSP未生效"
"693","RSPM2024067","LK340","捕获转录组测序(Capture-WTS)","/","到样后反馈","暂存等通知","/","SSP未生效"
"694","RSPM2024075","LK521","OncoScreen® WES","/","到样后反馈","暂存等通知","/","SSP未生效"
"695","RSPM2024075","LK340","捕获转录组测序(Capture-WTS)","/","到样后反馈","暂存等通知","/","SSP未生效"
"696","RSPM2025064","LK550","OverC® Monitor-01","/","到样后反馈","暂存等通知","/","SSP未生效"
"697","RSPM2025068","LK311","OncoCompass® Plus血浆版","/","到样后反馈","暂存等通知","/","SSP未生效"
"698","RSPM2025068","LK291","OncoScreen® Plus组织版","/","到样后反馈","暂存等通知","/","SSP未生效"
"699","RSPM2025068","LK361","PD-L1(22c3)","/","到样后反馈","暂存等通知","/","SSP未生效"
"700","RSPL2025018","LK291","OncoScreen® Plus组织版","/","到样后反馈","暂存等通知","/","SSP未生效"
"701","RSPL2025018","LK292","OncoCompass® Plus血浆版","/","到样后反馈","暂存等通知","/","SSP未生效"
"702","RSPL2025018","LK167","燃石朗清®血浆版","/","到样后反馈","暂存等通知","/","SSP未生效"
"703","RSPL2025018","LK183","燃小安®","/","到样后反馈","暂存等通知","/","SSP未生效"
"704","RSPM2025099","LK523","OncoScreen® WES","/","到样后反馈","暂存等通知","/","SSP未生效"
"705","RSPM2025099","LK340","捕获转录组测序(Capture-WTS)","/","到样后反馈","暂存等通知","/","SSP未生效"
"706","RSPM2025099","LK311","OncoCompass® Plus血浆版","/","到样后反馈","暂存等通知","/","SSP未生效"
"707","RSPM2025109","LK167","燃石朗清®血浆版","/","到样后反馈","暂存等通知","/","SSP未生效"
"708","RSPM2025111","LK291","OncoScreen® Plus组织版","/","到样后反馈","暂存等通知","/","SSP未生效"
"709","RSPM2025111","LK091","RNA提取","/","到样后反馈","暂存等通知","/","SSP未生效"
"710","RSPM2025111","LK292","OncoCompass® Plus血浆版","/","到样后反馈","暂存等通知","/","SSP未生效"
"711","RSPL2025020","LK167","燃石朗清®血浆版","/","到样后反馈","暂存等通知","/","SSP未生效"
"712","RSPL2025020","LK170","燃石朗清®组织版","/","到样后反馈","暂存等通知","/","SSP未生效"
"713","RSPM2025085","LK292","OncoCompass® Plus血浆版","/","到样后反馈","暂存等通知","/","SSP未生效"
"714","RSPM2025085","LK311","OncoCompass® Plus血浆版","/","到样后反馈","暂存等通知","/","SSP未生效"
"715","RSPM2025110","LK311","OncoCompass® Plus血浆版","/","到样后反馈","暂存等通知","/","SSP未生效"
"716","RSPM2026002","LK527","OncoScreen® WES","/","到样后反馈","暂存等通知","/","SSP未生效"
"717","RSPM2026002","LK340","捕获转录组测序(Capture-WTS)","/","到样后反馈","暂存等通知","/","SSP未生效"
"718","RSKY2025049","LK512","myChoice HRD Plus","/","/","路径a","/","/"
"719","RSKY2025050","LK521","OncoScreen® WES","/","/","路径b","/","/"
"720","RSKY2025050","LK522","朗微®-MRD","/","/","路径b","/","/"
"721","RSKY2025051","LK291","OncoScreen® Plus组织版","/","/","路径a","/","/"
"722","RSKY2025052","LK361","PD-L1(22c3)","/","/","路径a","/","/"
"723","RSPM2024058","LK340","捕获转录组测序(Capture-WTS)","/","到样后反馈","暂存等通知","/","SSP未生效"
"724","RSPM2024058","LK292","OncoCompass® Plus血浆版","/","到样后反馈","暂存等通知","/","SSP未生效"
"725","RSPM2025101","LK205","燃石利清®组织版","/","到样后反馈","暂存等通知","/","SSP未生效"
"726","RSPM2025101","LK204","燃石利清®血浆版","/","到样后反馈","暂存等通知","/","SSP未生效"
"727","RSPM2025103","LK292","OncoCompass® Plus血浆版","/","一、全血：
M＜4ml，不合格
二、温控要求：6℃~30℃","暂存等通知","/","/"
"728","RSPM2025103","LK308","OncoScreen® Plus组织升级版","/","一、切片（N含HE片）：
穿刺切片：
N＞15张，不合格
N＜10张，不合格
手术切片：
N＞10张，不合格
N＜6张，不合格
二、温控要求：6℃~30℃","暂存等通知","1、穿刺样本：≤15张
2、手术样本：≤10张","/"
"729","RSPM2025106","LK340","捕获转录组测序(Capture-WTS)","1、由实验室贴M码
2、LK291与LK340共用样本，贴2个M码
3、申请单方案编号为HLX43-NSCLC203","一、切片（N含HE片）
N＞10张，合格需反馈
穿刺切片：
5张＜N＜8张，警戒
N≤5张，不合格
手术切片：
N≤2张，不合格
二、组织样本共用要求：LK291与LK340共用样本，其中一单暂停，另一单同时暂停
三、温控要求：6℃~30℃","暂存等通知","/","/"
"730","RSPM2025106","LK291","OncoScreen® Plus组织版","1、由实验室贴M码
2、LK291与LK340共用样本，贴2个M码
3、申请单方案编号为HLX43-NSCLC203","一、切片（N含HE片）
N＞10张，合格需反馈
穿刺切片：
5张＜N＜8张，警戒
N≤5张，不合格
手术切片：
N≤2张，不合格
二、组织样本共用要求：LK291与LK340共用样本，其中一单暂停，另一单同时暂停
三、温控要求：6℃~30℃","暂存等通知","/","/"
"731","RSPM2026004","LK291","OncoScreen® Plus组织版","/","到样后反馈","暂存等通知","/","SSP未生效"
"732","RSPM2026004","LK361","PD-L1(22c3)","/","到样后反馈","暂存等通知","/","SSP未生效"
"733","RSPM2026004","LK311","OncoCompass® Plus血浆版","/","到样后反馈","暂存等通知","/","SSP未生效"
"734","RSPL2026001","LK291","OncoScreen® Plus组织版","/","/","路径a","/","/"
"735","RSPL2026002","LK308","OncoScreen® Plus组织升级版","/","/","流转路径按PM通知","/","/"
"736","RSKY2025053","LK551","朗预安","/","/","路径b","/","/"
"737","RSKY2026001","LK291","OncoScreen® Plus组织版","/","/","路径a","/","/"
"738","RSKY2026001","LK167","燃石朗清®血浆版","/","/","路径a","/","/"
"739","RSKY2026001","LK361","PD-L1(22c3)","/","/","路径a","/","/"
"740","RSKY2026002","LK291","OncoScreen® Plus组织版","/","/","路径a","/","/"
"741","RSKY2026002","LK361","PD-L1(22c3)","/","/","路径a","/","/"
"742","RSTL2025001","LK092","cfDNA提取","/","/","路径b","/","/"
"743","RSTL2025001","LK090","gDNA提取","/","/","路径b","/","/"
"744","RSKY2025011","LK361","PD-L1(22c3)","/","/","暂存等通知，待前端追加名额后会设置后台路径","/","/"
"745","RSKY2026003","LK521","OncoScreen® WES","/","/","路径b","/","/"
"746","RSPM2026011","LK309","OncoScreen® Plus组织版","/","到样后反馈","暂存等通知","/","SSP未生效"
"747","RSPM2026011","LK292","OncoCompass® Plus血浆版","/","到样后反馈","暂存等通知","/","SSP未生效"
"748","RSPM2026008","LK291","OncoScreen® Plus组织版","/","到样后反馈","暂存等通知","/","SSP未生效"
"749","RSPM2026008","LK292","OncoCompass® Plus血浆版","/","到样后反馈","暂存等通知","/","SSP未生效"
"750","RSPM2026007","LK534","燃卫宁® DNA","/","到样后反馈","暂存等通知","/","SSP未生效"
"751","RSPM2026007","LK533","燃卫宁® RNA","/","到样后反馈","暂存等通知","/","SSP未生效"
"752","RSPM2026006","LK291","OncoScreen® Plus组织版","/","到样后反馈","暂存等通知","/","SSP未生效"
"753","RSPM2026003","LK308","OncoScreen® Plus组织升级版","/","到样后反馈","暂存等通知","/","SSP未生效"
"754","RSPM2026003","LK090","gDNA提取","/","到样后反馈","暂存等通知","/","SSP未生效"
"755","RSPM2026003","LK292","OncoCompass® Plus血浆版","/","到样后反馈","暂存等通知","/","SSP未生效"
"756","RSPM2026001","LK291","OncoScreen® Plus组织版","/","到样后反馈","暂存等通知","/","SSP未生效"
"757","RSPM2025037","LK309","OncoScreen® Plus组织版","/","切片：
N＜1张，不合格","暂存等通知","≤10张","/"
"758","RSPM2025037","LK091","RNA提取","/","切片：
N＜1张，不合格","暂存等通知","≤10张","/"
"759","RSPM2025037","LK292","OncoCompass® Plus血浆版","/","/","暂存等通知","/","/"
"760","RSKY2026005","LK176","燃石朗清®血浆版UMI","/","/","路径b","/","/"
"761","RSKY2026005","LK092","cfDNA提取","/","/","路径b","/","/"
"762","RSKY2026004","LK521","OncoScreen® WES","/","/","路径a","/","/"
"763","RSKY2026004","LK522","朗微®-MRD","/","/","路径a","/","/"
